elev,tpi_300,tpi_1k,tpi_3k,dz_10k,havf_5k,relief_5k,rank_1k,rank_3k,slope_deg,northness,horizon_deg,station,dem_res_s
2553.5000200000068,-0.2187299999932292,-1.3567508333267142,-95.9351864220116,-120.69127002367304,48.50002000000677,460.0,0.5364583333333334,0.4220183486238532,3.006767997519635,-0.0287064130588938,4.672874293088248,15001,3
2598.305538444432,-1.26589012699651,-11.800404708023052,-31.194175022616943,-52.826830078633066,13.305538444431932,176.0,0.2661498708010336,0.2011461318051575,3.520442901514192,-0.061368334334053,3.273683539444576,15003,3
2575.1666373334024,-0.5555848888197943,-6.025072511157305,-16.235030291669318,-89.90899791992251,5.166637333402377,141.0,0.6036269430051814,0.4117308798159862,3.273166102964866,0.012555911967493,2.109704694476489,15004,3
2309.416600000017,-1.8333999999831576,-24.09113195874625,-127.53907069658636,-283.76358716714094,20.86660000001666,516.8999999999987,0.3298969072164948,0.0702360391479562,1.3846934537777875,0.0017958103268347,5.452785002764541,15005,3
2522.5000240000445,-4.218725999955495,-25.015600999955495,-42.09085902747847,-57.74557060012057,11.500024000044505,206.0,0.2630208333333333,0.3764334862385321,3.9444962789111826,0.0053771996730497,3.796616585651733,15009,3
2550.138899111029,0.3103276824572276,-1.6052869354825816,-13.790347523173295,-44.928693935953106,3.138899111028877,48.0,0.5142118863049095,0.2231452305929533,1.1643937370967803,-1.1495996236421677e-07,1.3846921114562571,15010,3
2576.1666560000226,-1.5000106666439024,-7.426127505132172,-63.73662551983944,-162.85696157103666,8.166656000022613,411.0,0.4510309278350515,0.3425446171560161,1.1764117709447028,-0.013771182225494,2.853315848083311,15011,3
2595.583344666661,-0.8888775555610664,-5.406346054988262,-28.384165396593744,-145.7712707576893,21.583344666661105,269.0,0.4020618556701031,0.2961472110408281,2.6091380432914395,-0.0065808051928692,2.369992759476742,15014,3
2458.6111528887077,-10.76027568272093,-32.97282643945755,-53.6318350906854,-114.80007749940114,66.6111528887077,268.0,0.2170542635658914,0.1908986834573554,13.81243790321491,-0.1234841053126176,11.335169742882778,15019,3
2533.9999720000046,-0.3437779999953818,-14.083361333328869,-50.41717249540807,-110.38294591121166,22.999972000004615,394.0,0.1770833333333333,0.0814220183486238,1.559144299807551,-0.0269393865566764,3.5426626535575947,15024,3
2562.583332000001,2.7222208888897512,6.2750418445607465,-8.82171676649341,-84.01445254864575,24.583332000001064,191.0,0.9067357512953368,0.5493402180149168,1.373898565193659,0.0071844377700082,0.9961503532583118,15025,3
2553.249997999985,-0.0277797777926025,-0.8691729844708789,-65.2342246047192,-141.0045854839791,20.249997999985226,602.0,0.6373056994818653,0.4764773379231211,0.9933097966353,0.0155683823702958,2.659841000308819,15026,3
2457.5000000000655,-7.843749999934516,-9.062499999934516,-11.9626865670989,-74.16422226806071,131.50000000006548,365.8500000000003,0.3880208333333333,0.4095866819747417,8.050489439747773,0.0960615026489865,6.9560804357290795,15027,3
2461.7500220000193,-1.4999779999807288,-0.1614363333142137,-61.141606440347914,-139.86465146516412,8.750022000019271,393.0,0.5807291666666666,0.2889908256880734,3.658082160034672,-0.0537888481992462,3.5834815744416737,15029,3
2574.1666719999876,0.1111164444319001,0.2903833401937845,-2.2464465270550136,-47.953517078898585,3.1666719999875568,35.0,0.6726804123711341,0.5060414269275029,0.4045145101968623,-0.0065874319401352,0.3518219014188044,15030,3
2372.055496444442,-0.9722813333360136,-0.1098782325607317,-5.559580654358797,-178.5096526517109,10.055496444441816,219.0,0.6692506459948321,0.6536264991433467,3.709001435436482,-0.056574504441239,2.460646399490382,15031,3
2718.08331066665,7.444421777761363,17.99522776509548,-74.99074214620896,-217.73562320440124,105.08331066665004,574.0,0.6994818652849741,0.3016647531572904,3.1272362165674794,-0.0364769994518351,4.842988998274821,15033,3
2546.750002,-0.1562480000002324,1.8645853333332525,-0.2112494351322311,-29.817492321701593,21.750001999999768,86.0,0.6432291666666666,0.6107921928817451,0.4503013527592907,-0.005389679032231,0.5267812747411054,15036,3
2766.250066000016,-6.781183999984023,-38.05462149998402,-52.18219576806678,-117.54144577197894,170.25006600001598,644.8500000000004,0.3020833333333333,0.4345579793340987,8.194655844728008,-0.1351491771424494,8.644459653651417,15037,3
2628.027762888896,0.7991914603248915,-38.07845472768395,-94.45685912892486,34.93865013186496,208.02776288889615,642.0,0.2409326424870466,0.1899971256108077,1.0356387770051334,0.0109775708728654,6.72385407531274,15038,3
2585.9999919999855,3.79999199998565,9.766831378223742,12.584616211115645,-24.214980847182687,17.99999199998547,57.0,0.9792746113989638,0.9592656339644292,0.8275084702206514,-0.0129742924952448,0.2791988682481375,15049,3
2573.972261111199,2.8294039683414667,-1.0174029714885364,-7.837481009144995,-66.15013304033437,15.972261111198804,67.0,0.4987080103359173,0.3143266475644699,3.2930170481964973,0.0235167879587009,2.847564805712045,15051,3
2637.0278128888044,3.0849557459473544,26.839182397848163,-1.8664564521695863,-93.4415490331794,205.0278128888044,684.0,0.7674418604651163,0.5951289398280802,6.777474873425031,0.0148671246505912,6.440197185481894,15053,3
2606.555553777781,0.0412680634954085,0.5270563684543959,-3.1402855335531967,-38.82784338607371,29.555553777780915,116.0,0.4948186528497409,0.5012912482065998,1.1068088116846553,0.004390936900639,0.4391216260234546,15056,3
2874.3333813333884,7.333381333388388,34.69255446000352,2.235387064047245,-115.39044664026504,246.3333813333884,681.0,0.6744186046511628,0.5297994269340974,11.392336412273036,-0.1861023928944415,7.399431444904328,15057,3
4012.777768888949,1.577768888949322,-1.4994331835896446,41.0893714162321,535.4800909785708,535.7777688889491,828.0,0.5310880829015544,0.6226306720275704,9.552734090786467,0.0832703624297646,6.713133848203505,15062,3
2606.999995999984,-0.3142897143015943,3.5348797209144323,6.29483840686089,7.183455928677176,31.999995999984097,48.0,0.6847545219638242,0.7097421203438395,0.8770733368888367,0.004590819912976,0.9366040705353242,15063,3
2641.500159999983,-8.16650666668329,-19.548557948734924,-29.94179402300506,-89.42220794549121,45.500159999983225,214.0,0.1769230769230769,0.217816091954023,2.729042256573244,-0.0011979212089383,5.091995166701123,15066,3
2918.416547333443,-1.9167859998906351,-0.9661057277817237,-7.946045896620035,161.099987217955,246.41654733344285,428.0,0.548469387755102,0.5114744693057947,4.116643943704528,-0.0513701964119481,4.08395586761409,15070,3
2699.499969333431,-5.214316380854598,-8.905715421090918,-34.87517352371151,-136.11143537384623,42.49996933343118,359.0,0.3049095607235142,0.322,2.400955592450605,0.0275238533385359,7.379350506926659,15071,3
2561.0,-0.6857142857143117,0.2919896640828483,-25.903059765513262,-74.14283872298711,30.0,227.0,0.5891472868217055,0.4109236488418644,0.2333642456009216,-0.0037928603032054,1.5589244826667126,15072,3
2337.083283333071,14.80550555529362,1.3832833330716312,-14.971601724399989,-42.68958936417812,34.08328333307145,123.0,0.4871794871794871,0.3077586206896551,10.053426964007675,0.0135619767081414,4.441312757839095,15073,3
2323.2499940000016,-7.531255999998393,-25.47917266666491,-44.34328958208789,-100.78307109852312,28.249994000001607,342.0,0.1328125,0.1475315729047072,2.5810044339884044,0.0448700948633988,4.811158847218268,15074,3
2354.0000720002704,-15.416594666396122,-42.04915079765715,-50.81414818321582,-44.5349137988519,61.00007200027039,224.0,0.1321243523316062,0.1697247706422018,5.124127032942145,0.0596485180463514,8.1782386568708,15075,3
2561.58333999998,-13.361104444464218,-45.72948051284038,-66.7145934098935,-96.99491077401352,19.58333999998013,239.25,0.0487179487179487,0.0823765786452353,3.761244275169303,0.0322696032469102,6.7906781268924625,15076,3
2376.1388891112224,-12.575396603063382,-38.711240087744045,-48.68460659078346,-141.6192212307551,76.1388891112224,333.25,0.2325581395348837,0.2426934097421203,6.284381666065961,0.0777825989846048,9.976304763491832,15077,3
2712.4999639999182,4.874963999918236,13.486943166584751,-15.071136917512831,-31.585301327232628,102.49996399991824,329.0,0.8802083333333334,0.5160550458715596,6.7424401256408,0.0606629777634818,3.550886816777063,15078,3
2386.91590533308,-5.222983555808696,-73.71621901925164,-122.30373956955464,-176.47489837634794,20.91590533307999,427.0,0.3730569948186528,0.2087628865979381,8.366625821962009,0.0266619989818019,9.315736507144354,15079,3
2259.916671333315,-1.9444397777961056,-3.018561827306712,-10.32272086851981,-63.41446030402403,10.916671333315207,146.0,0.2124352331606217,0.3099197247706422,0.3585723960443086,-0.0053897375466066,1.5703449659493196,15081,3
2665.500000000033,-5.812499999966803,-39.71614583330029,-50.662844036663955,-76.53859820781508,48.5000000000332,367.0,0.2786458333333333,0.4544151376146789,4.121059043554545,0.0501753579366338,6.377710034842586,15084,3
2579.8055437778225,-6.737313365034424,-12.127272759645166,-25.87801865058509,-9.051820363135448,40.80554377782255,205.0,0.2661498708010336,0.2482817869415807,8.523705341392025,-0.0892337260003261,8.018109348674031,15085,3
2593.4722171111102,7.986502825395746,21.655679643410167,14.61253784421433,-7.29693817128009,36.47221711111024,88.0,0.9560723514211886,0.8493699885452463,1.4339396623110876,-0.0245462405465693,0.3026913936547947,15086,3
2586.7500199999954,-4.593730000004598,-16.895813333338083,-44.009451871416786,-71.25307405941066,40.7500199999954,283.0,0.3932291666666667,0.370264064293915,5.400817896185356,0.0393501506326523,3.6943361432845343,15087,3
2598.833328000016,-5.222227555539575,-49.59966169070549,-133.1758832838068,-350.3511548478132,84.68332800001599,568.8499999999999,0.095360824742268,0.1151410477835348,1.0660503615777224,-0.0185617812272084,7.390663675146984,15088,3
2767.8055591111,0.319844825385644,2.709704188820524,0.9323519969293556,-48.08040194498835,63.80555911110014,175.0,0.6088082901554405,0.5370051635111877,0.947147665086308,0.0091814802093275,0.8342534482911446,15089,3
2638.6667066667683,-6.944404444343036,-27.201168980900093,-104.30749058093808,-156.0216482601918,76.66670666676828,546.0,0.2901554404145077,0.2477064220183486,4.215300993116398,0.0382246441451916,5.6086255148645545,15093,3
2745.3611448885376,-7.267426540033739,-68.27709800551929,-124.69269245395937,-109.60639797450722,163.36114488853764,681.0,0.3178294573643411,0.2548682703321878,15.867475488761553,-0.0604854497645596,15.716858323023793,15095,3
2676.0,-4.457142857143026,-15.093023255813932,-38.57506434086372,-106.47577047066396,22.0,225.0,0.0542635658914728,0.1818701744352302,1.1024692319493314,-0.0077839989617981,2.594561297364809,15102,3
2459.9166839999857,-17.61109377779212,-71.40219355103454,-77.28491966553565,-156.62136535855916,7.9166839999857075,378.0,0.1964285714285714,0.1231386025200458,6.445763463065017,0.095214330504,11.240465373889936,15104,3
2576.416671333301,-0.6388842222545463,-6.262085143383047,-37.08821934564003,-104.68675016884708,6.41667133330111,327.9499999999989,0.3808290155440414,0.3492520138089758,2.0780893120278865,0.0239392102951861,2.1515417981600335,15105,3
2832.8333079999297,2.5190222856440414,-1.877286315315814,-9.915974845738674,-48.62802360963724,151.83330799992973,402.0,0.4909560723514212,0.4822145725760183,4.830469571712389,-0.0173057049394256,3.0650033203756957,15108,3
2707.9999920000732,-8.611119111038079,1.084607384688752,6.441404981118467,20.04986557456095,159.99999200007323,303.5499999999993,0.4743589743589743,0.5229753015508328,8.349624144007043,0.1345033481454622,7.237487777810573,15109,3
2983.2499160000316,-13.25008399996841,-38.60164649996841,-45.43550305852159,16.66564488708491,343.2499160000316,813.0,0.2890625,0.45752009184845,19.862371045770807,-0.321050676451966,12.932421150700588,15111,3
2683.611160888774,-3.5602676826542847,4.492297839678486,19.301752824719188,-20.049307945844248,138.61116088877407,445.0,0.5090439276485789,0.5430368887617958,1.8943613624087463,0.0165598590982477,2.5096529252140134,15112,3
2631.9999920000255,-0.656257999974514,0.755200333358971,-8.253172556936534,-59.766861059931216,61.999992000025486,233.0,0.5416666666666666,0.5253164556962026,1.4202526542996232,0.0017960560431626,1.1472825060299694,15113,3
2791.694592221984,0.0088779362695277,0.0951090178496087,-33.84906652407972,-129.5476255261965,189.69459222198384,567.0,0.5167958656330749,0.46321213856284,12.376910152135792,-0.167882380812861,8.746232175820047,15114,3
2375.0278608889867,1.55563866676448,-3.690485364243159,-88.0018449093568,-207.57339091402173,10.027860888986652,493.0,0.5658914728682171,0.2942016566695229,1.332479689400497,0.0049890749298448,4.404285813968268,15117,3
2674.8333359999724,-0.9095211428848416,7.419899307466039,1.611686515436304,-39.21072050391422,95.8333359999724,272.0,0.6098191214470284,0.5667239404352806,3.551580509742552,-0.0541936244762247,2.725102514098589,15119,3
2857.8611062222076,5.461106222207491,24.798930056404515,105.4441044990599,36.1502194908162,265.8611062222076,359.0,0.6709844559585493,0.8575531303848363,3.2649869528969835,0.0510209188888594,1.3909209983634383,15122,3
2722.41666266668,1.333329333346683,1.4192533402551817,-3.521878401671529,-20.291239691615377,47.41666266668017,124.0,0.5751295336787565,0.490235496840896,0.6631669526292798,0.0065871740239746,0.5498826334659543,15126,3
2599.7499613331684,5.692818476025423,10.178901901643712,-23.89632438111721,-105.86459649346762,48.74996133316836,337.0,0.8191214470284238,0.454,1.6707482471005128,0.0023941524340596,1.6077772259683454,15128,3
2573.5001760003224,2.9689260003224263,3.0626760003224263,-27.531720551401577,-12.396098671580148,103.50017600032244,281.0,0.6067708333333334,0.3882183908045977,0.1091451229933658,-5.030510236806594e-07,3.082562296797784,15131,3
2534.0000080000264,-12.843741999973645,-49.52603366664016,-64.59442368768896,-97.61096559733323,46.000008000026355,244.0,0.1328125,0.1142365097588978,7.055660805292048,0.1141124994170025,7.870585710349488,15132,3
2563.6388131112026,3.610241682631113,-5.7203600154125525,-24.118276547920686,-77.71361605428046,15.63881311120258,129.0,0.4418604651162791,0.3589229447149814,3.372344821512142,0.0378628860139455,2.227365332183396,15133,3
2547.0833186666778,2.833318666677769,10.99403295239199,-11.877117113138866,-34.376966885613456,36.08331866667777,205.0,0.6760204081632653,0.5785550458715596,4.064181384021696,-0.0436079204651326,2.3204255780919745,15139,3
2372.0836800000225,2.9725688889111552,-31.54003134018376,-45.01384589180725,-143.85989172383051,166.08368000002247,514.0,0.3737113402061855,0.3319907940161105,9.420990317874136,-0.0974786128826044,7.702046798627655,15140,3
2705.0,-1.6944444444443434,-10.984693877550852,-41.14945496270775,-137.0946907216494,19.0,299.0,0.0790816326530612,0.0473321858864027,0.5385630611792599,-0.0029942263243959,2.5419108130373456,15142,3
2749.16725866384,-2.971630225048557,-5.006316465693544,142.97768248972807,207.4553833418413,379.1672586638402,398.0,0.4093264248704663,0.8041237113402062,9.226069143649823,-0.1123173327652568,8.436440187537013,15146,3
2469.0000066667444,-13.305548888811243,-63.425251065214525,-99.7479795242798,-240.7065852638234,31.00000666674441,497.0,0.0618556701030927,0.0532220943613348,1.8999311732775357,-0.0311240804486126,9.039271211372789,15147,3
2567.33333199999,1.1388875555458071,-4.017950051291791,-29.48766627883924,-76.14314587063836,32.33333199999015,257.0,0.6076923076923076,0.4397590361445783,1.350307161636359,-0.0233495902854311,1.81490343744496,15148,3
2844.0000280000695,9.031278000069506,-7.012992833263979,-60.34393751717198,-63.23150418300747,237.0000280000695,616.0,0.5026041666666666,0.4284482758620689,6.548424307474619,-0.0107095765853608,5.311761659410861,15149,3
2399.388852444642,-21.468290412500664,-51.76101835639156,-34.040864131367016,-20.33589333556756,95.388852444642,257.7999999999993,0.1395348837209302,0.3312338963641569,0.4955753254414628,0.0085843301388514,11.198388240741776,15153,3
2547.2499999999845,-0.1875000000154614,0.7890624999845386,3.932261768067292,-27.526207181195787,20.24999999998454,41.0,0.6302083333333334,0.7769804822043628,0.3003071509984158,0.0035931881574086,0.3342350051294025,15158,3
2762.75002199971,-21.031228000289957,3.950542833043528,105.46266567787096,92.95012015034536,192.75002199971004,198.0,0.5078125,0.931896551724138,15.882385320645309,0.1347874176291301,12.857843357310928,15160,3
2633.75000199993,-0.8611091111806672,-0.0902041856361393,-1.7687084203344057,-13.900917991799815,36.750001999930646,106.0,0.4974226804123711,0.5397236614853195,1.8771669721187032,0.0299276030032758,1.3839028528607344,15164,3
3001.3333520000924,-3.027759111018895,-1.5764418143407966,-16.70838662972892,77.66832202283376,196.3333520000924,491.0,0.5438144329896907,0.5181347150259067,5.339603373476915,-0.0059627727814506,4.777381945240008,15174,3
2571.0,-0.4375,-3.638020833333485,-10.219505178366036,-71.98286217251734,1.0,72.0,0.4036458333333333,0.2873993095512083,0.5824762068900944,-0.0035930518342469,0.7531010079503093,15176,3
2716.583380666888,0.3889362224435899,-14.164068312703876,-57.19484282881422,45.893822351163635,163.58338066688793,391.0,0.461734693877551,0.3389684813753582,3.561254121871091,-0.0615639610549598,5.245574518806899,15183,3
2637.5555244444236,3.527746666645726,3.5038448578602583,5.129439969537543,-4.665133799059731,81.55552444442355,141.0,0.6408268733850129,0.617579908675799,3.6046421288528583,-0.0601675133596614,2.0659535865538343,15187,3
2710.4166766667176,-2.333323333282351,-0.8868947618539096,5.164388337198034,73.7126832537906,230.41667666671765,542.0,0.5331632653061225,0.5446224256292906,5.856499435002301,-0.031574485528464,3.5320725201644563,15194,3
2745.971192445194,-17.60023612623445,-60.96420807160166,-115.37168925059495,-60.90093091147082,234.221192445194,610.25,0.359173126614987,0.2555141793182469,17.28562448791272,-0.1629747063156182,13.191822266321568,15197,3
2341.972125111268,65.05783939698222,86.02160427793433,157.12373615844854,367.5446311372378,541.9721251112678,600.0,0.7395833333333334,0.7407940161104718,15.603030713657018,0.0790242206305814,3.2375084164938546,15198,3
2923.083318000012,-0.4166819999877589,4.155856860115819,29.62003630179061,114.64986587729754,181.08331800001224,282.0,0.5699481865284974,0.75530694205393,9.00964293606858,-0.1324926887182731,4.861382108178878,15199,3
2579.5833360000092,-1.91666399999076,-4.831171772011658,-3.676709924215629,-39.48202972756917,11.58333600000924,64.0,0.2901554404145077,0.5043053960964409,0.477222383223562,-0.0053897088377781,1.2384055134493115,15201,3
2635.333335999988,0.1388915555435232,-4.16148265286165,-16.184182667444475,-16.95688066064622,31.333335999987867,175.4499999999989,0.5699481865284974,0.532165422171166,0.4117493846066395,0.0071863205989038,1.4422368351695436,15203,3
2608.999991999998,2.249991999998201,10.354158666664716,-2.2149505287375177,-55.1380387883064,38.9999919999982,143.0,0.8880208333333334,0.4862068965517241,0.6269743712523826,0.0053895802809855,0.6284298896059346,15205,3
2723.999999999881,8.156249999880856,16.31510416654737,-55.36811926617429,-20.65341611718441,153.99999999988086,412.0,0.6666666666666666,0.3649655963302752,8.111370143136059,0.0693672860189317,3.795987950770505,15206,3
2797.74999399999,-0.5000060000102167,-0.3515685000102166,0.2669675327861114,-65.47052730741598,73.74999399998978,212.0,0.5026041666666666,0.5399884925201381,1.1313364920051283,0.0125739264082206,0.6720543962671229,15207,3
2567.9722297778017,2.3436583492302816,4.990317633099039,-2.284275798406725,-67.46755566755382,39.97222977780166,232.35000000000036,0.7209302325581395,0.6903059765513297,2.899105409012113,-0.0350889308499243,1.25691187175911,15208,3
2347.7500920003954,-10.749907999604602,-21.3905329996046,-22.454505700754,-30.07809272943223,87.7500920003954,226.0,0.1171875,0.3517241379310344,7.863042509433521,0.0355945642951571,8.926312534390586,15209,3
2703.7499973333224,-1.1944471111219173,-4.330313547506648,-21.209795888963527,-27.715479780719303,51.749997333322426,148.0,0.3264248704663212,0.2487076392877656,0.7641367813554082,0.0125752380030429,1.4898976166207931,15211,3
2932.5556604442163,9.26994615850208,32.52198168773975,8.889089507972585,-106.93062177961656,188.5556604442163,669.9499999999989,0.7253886010362695,0.5890292935094773,6.495319837034301,0.0325281989405135,4.072115391692539,15222,3
2458.583339333313,1.9722282222014655,5.762095809996936,3.9447368132669,-84.69263903949877,65.58333933331278,207.0,0.7616580310880829,0.5956471935853379,1.0130379472133473,-0.0107779629805021,0.6035984727275069,15225,3
2693.2498199999955,-2.468930000004548,-8.713721666671063,-26.524290218144415,-112.62530899897274,24.249819999995452,197.0,0.4296875,0.31601607347876,4.189279811756556,0.0537540886447306,2.73611707269958,15227,3
2777.7499793333036,-5.6666873333629155,-30.969092831644957,-95.75980765575788,-164.42309659444345,51.7499793333036,603.0,0.1984536082474226,0.1891191709844559,2.4401146363812156,-0.0215400128518536,6.288795594876095,15228,3
3435.944406222171,0.6301205078852945,17.296737828388814,24.741994508131484,106.03607763373476,314.944406222171,612.0,0.6269430051813472,0.6020671834625323,6.85552197291382,-0.0065402256725296,5.618638166677736,15229,3
3052.2500600000003,0.9375600000003032,26.937560000000303,-29.17301692307683,64.28522511867914,202.2500600000003,511.0,0.7708333333333334,0.4423076923076923,3.1498038597766818,0.0376696317845057,3.6806224740152,15230,3
3318.0834726667586,-3.77763844435276,-29.63414391355218,-24.500626070325325,193.7642951507428,340.08347266675855,554.8500000000004,0.344559585492228,0.3645235361653272,16.711947286097764,0.2787596855524496,10.273872394694122,15231,3
2753.833320000026,-0.8523942856882059,-20.16408932639888,-88.69396317056544,-189.4882333980322,42.833320000026106,604.0,0.3601036269430052,0.23779437105112,2.951551377963611,0.0047846038646473,4.454437080522765,15232,3
2952.2496486668533,17.749648666853318,95.01375123095568,85.97177510363508,180.80688737653057,313.2496486668533,369.0,0.8769230769230769,0.8491379310344828,26.55042243102709,0.1741083736532583,11.485398341798572,15233,3
2701.58334800001,4.666681333343604,13.249151108818296,11.994369814016864,20.640519644114647,138.58334800001012,405.0,0.6839378238341969,0.6007462686567164,3.668903389085224,-0.0621553785578793,2.0165465471561044,15236,3
2313.9997760000183,7.666442666684816,-18.355146279774544,-63.3043091553327,-205.2190921199008,274.9997760000183,790.1499999999996,0.4274611398963731,0.3734177215189873,13.111051155729506,-0.1930597600292979,8.076129674113789,15237,3
2612.861089555547,-0.196053301595839,-4.4515719431610705,-13.053286160375135,20.745296820669864,66.8610895555471,209.0,0.4883720930232558,0.565864833906071,3.866872829205246,-0.0635352642877292,2.475893562703914,15238,3
2626.083336000004,-3.999997333329702,-19.406301305695703,-53.19947202291905,-155.8969610909803,41.08333600000378,289.0,0.2435233160621761,0.1025787965616045,1.9950803876408696,-0.0215464280079628,3.790996132542317,15239,3
2740.11109422218,-5.317477206391686,-2.419993860721661,-68.24157665662551,-142.21891690935354,126.11109422217989,483.0,0.5673575129533679,0.3202182653647329,5.107731555557258,0.0765503262592681,5.71170622544348,15240,3
2966.9444595556165,21.17303098418779,41.33565126546091,-6.034019640940187,-78.07325901655122,252.9444595556165,821.0,0.8523316062176166,0.5609756097560976,4.708221455518819,-0.0817682318801615,2.596145254730423,15242,3
2439.9721671104,-10.47227733404452,-15.730675266861,-62.604525263207506,-75.39541479769832,52.72216711039982,379.75,0.3979328165374677,0.1842330762639246,4.305293835912023,-0.0437930440656713,5.621344662990293,15243,3
2853.0000466663687,-12.694397778075654,-43.0750828673099,-39.50167154668952,119.54163826568902,128.8500466663686,415.8499999999999,0.1502590673575129,0.3593928980526918,3.2407214635686277,-0.0556065188583874,8.096133387368411,15244,3
2633.8333480000115,-0.6388742222106885,4.2012236476798535,-57.35565543641451,-26.92767515506057,111.83334800001148,490.5499999999993,0.5621761658031088,0.4876861397479954,6.135078282551504,0.1053936349780668,4.682827438798149,15245,3
2736.0833419999763,-13.459515142880718,-36.31975877521745,-36.15119408249802,-156.97109926076882,147.08334199997626,570.0,0.1782945736434108,0.4312714776632302,4.21679818031214,0.0097547093232489,7.669652303066066,15246,3
2618.861076888951,2.0896483175224603,-4.81075773637167,-61.639638418630966,-94.23976409753097,17.861076888951175,227.0,0.5297157622739018,0.2214592274678111,1.0432316977770355,0.017963456223218,2.7502841948837737,15247,3
2573.1666720000017,3.666672000001654,20.600345469389595,-1.940839467888054,-15.965486136176878,61.166672000001654,200.0,0.8188775510204082,0.5797018348623854,1.1359641497044957,-0.0191602436635577,1.542875371643616,15251,3
2616.166680000087,32.916680000087126,42.221084145164696,26.999533855092977,-58.51355617144782,257.61668000008694,631.4499999999998,0.7823834196891192,0.6101841196777905,6.261121408347675,0.1029868936024525,2.1069369376773937,15254,3
2313.999968,1.6874680000000808,-15.276073666666434,-57.53776241474634,-78.21260064573607,238.64996800000017,589.6500000000001,0.3359375,0.211405529953917,3.858498731771923,-0.0663243253571268,3.676349634095984,15256,3
2765.0277855555332,0.0849284126761631,1.038148249833739,-4.674366524810921,-51.02339900891957,59.77778555553323,205.75,0.5880829015544041,0.521377331420373,1.3493409943661725,0.016165129311897,0.8772728998386958,15258,3
2804.277760888888,1.8491894603166656,10.069968681095816,13.560763477326418,58.50401027358748,207.27776088888825,307.0,0.6415584415584416,0.5355191256830601,4.405152923672055,-0.0758323193186005,2.7211190791356152,15259,3
2730.9166659996204,-40.08333400037964,-56.71088502078783,-11.768688691455282,124.36829467249618,320.91666599962036,739.0,0.2448979591836734,0.5154462242562929,15.74976297129895,-0.1683056323599692,18.522704971012136,15260,3
2670.999955999855,3.9999559998550462,7.268185166521562,-25.743736660695504,-55.23895518672498,113.99995599985505,349.0,0.6041666666666666,0.3870412844036697,8.377322339236105,-0.1208669636273195,4.909429523025486,15261,3
2681.3333239999856,-0.3333426666808918,-2.513826259081725,-26.04749162321923,-19.418887016306144,57.33332399998562,150.0,0.422279792746114,0.3026995979322228,0.69870811672451,0.0089824006934502,1.8811692659333263,15262,3
2543.583337333338,0.1111151111158506,1.5289331882604529,-5.300263584093045,-88.43527488205791,8.583337333338022,69.0,0.7772020725388601,0.5083142201834863,0.2745011627502849,-0.0047909307626363,0.7370305045973738,15264,3
2528.667191998821,-5.5550302234009905,-1.0581966022150482,-19.733496864554127,-83.66143703343687,55.66719199882118,263.0,0.3367875647668393,0.4707233065442021,7.005924565262178,0.1016411031910662,5.554556504029344,15265,3
2592.0,-1.0,-0.5927835051547845,-1.3520437535980818,-19.892683557393863,17.0,60.0,0.4819587628865979,0.5233160621761658,0.6335120997248801,0.0065873060232453,0.7431116437874671,15266,3
2792.7771928883144,-9.965664254542844,-24.760274811943873,13.899548520103965,31.737275405075707,120.7771928883144,297.35000000000036,0.3100775193798449,0.6397941680960549,10.108719854090875,0.0892220495567246,7.572367360497904,15267,3
2980.1110862223727,11.539657650944264,19.966383379995477,-2.082499115542305,-15.358255166107485,217.1110862223727,609.0,0.6408268733850129,0.5280641466208477,10.55539386903168,0.152286839818798,5.401071922589489,15269,3
2603.8333280000006,-1.2809577142852504,-0.2209355658910681,2.727024275072381,1.185624801530139,30.83332800000062,52.0,0.5090439276485789,0.6094555873925501,0.9960914811464404,0.0171651367361007,1.0733365906695824,15271,3
2575.6111222222153,0.1111222222152719,-8.779058656337838,-51.01958554034172,-117.20932460162884,73.61112222221527,356.0,0.1834625322997416,0.2231735159817351,2.161677295338297,0.0313185201463719,3.5291771254732076,15273,3
2998.333306666456,2.8761638093128568,-25.77291095012424,-46.76941930198018,-104.74020981137528,147.33330666645588,471.0,0.2927461139896373,0.3365853658536585,9.34117498800252,-0.1272477919805939,6.773309284108368,15276,3
2560.7500433333007,-0.9356709524136022,-17.472178888921462,-35.51567095241353,-40.120602534947466,48.75004333330071,203.0,0.5452196382428941,0.5202857142857142,4.262849562525881,-0.0708698660903093,4.721634524178379,15277,3
3058.472150444435,-8.042135269850405,-42.03689348321359,-73.0578495555651,296.36775979808453,350.4721504444351,877.0,0.4806201550387597,0.522,14.212204350813826,0.236474972278411,8.361801824141784,15278,3
2607.054988444158,-23.34501155584212,-42.510903028710345,6.632988444157945,-2.43494893827301,154.05498844415797,347.0,0.1757105943152454,0.5422857142857143,6.498063905004597,-0.019041351315988,11.231159338147666,15279,3
2682.500044000003,9.687544000003072,2.325564833336557,-4.026392781606319,-45.020530855249035,83.50004400000307,206.0,0.5703125,0.4327586206896551,7.249843088359138,0.0196043843460102,2.9214333326267226,15282,3
2148.5000199998703,3.777797777648175,2.7694500516836342,9.966648308271033,-85.04587747589812,166.50001999987035,390.0,0.5362694300518135,0.5618527042577676,2.5287973721293335,-0.040683514268134,1.4610670655284532,15284,3
2995.9166840000753,-14.499982666591222,-28.330738680337163,6.5496719102652605,103.13033730855614,371.9166840000753,599.0,0.2706185567010309,0.5074841681059298,6.695117893555332,0.1165793208334106,8.006459876641717,15285,3
2823.4167146665495,11.47227022210518,3.90117062509853,14.37241086908125,165.42497549107838,318.4167146665495,400.0,0.5414507772020726,0.4916570771001151,6.589564253311979,-0.0624664604842726,3.3931314694212213,15286,3
2497.499999999998,-7.694444444446162,-38.58290155440591,-89.65382403680451,-259.18197815848225,122.49999999999818,566.0,0.3756476683937824,0.2714203565267395,5.979768544268343,0.1024459974647776,8.494198266575165,15287,3
2760.416668000001,0.1944457777790376,-2.681777595853873,-3.0543256817909423,-46.5777462746305,55.41666800000121,151.0,0.4481865284974093,0.4908098793796668,1.37438306150778,0.0203558765430735,1.6285399555802254,15289,3
2657.7500066666817,-4.055548888874,-50.09714359238569,-137.67346859223653,38.3549359888998,211.75000666668168,654.0,0.3056994818652849,0.2822209436133486,2.2344117338853784,-0.0359051795218349,7.5485586177696815,15292,3
2900.4999920000196,-3.4687579999804257,-8.40365383331391,-14.234472902167,-106.77652393541076,118.49999200001956,386.0,0.4088541666666667,0.4605868814729574,3.5875163737009323,0.0358618611204477,2.6113958173748113,15293,3
2855.000004000002,4.687504000001354,-5.476558499998646,-40.69591084464764,-15.933268915586268,202.00000400000135,524.6499999999996,0.3958333333333333,0.3084004602991945,4.6207611626268985,-0.012535437204823,3.7015614577294063,15294,3
2531.475968000009,-18.78117485713392,-90.89935333675204,-102.37018584614498,-20.138976463134895,269.47596800000883,836.5,0.0539845758354755,0.2636127917026793,2.93260440758535,0.0468943387296201,12.475395815481251,15295,3
2822.77771288893,-3.2794299682122983,-17.331095401224957,-101.60820665129904,-81.8984576103444,101.77771288893064,661.1999999999989,0.3911917098445596,0.1422413793103448,6.488414770979113,0.0963960777296533,8.472220784592073,15298,3
2828.833352000021,1.7500186666870832,-20.14592261137841,-118.92959391482418,-73.8819692861598,116.83335200002055,689.0,0.3341968911917098,0.1769275028768699,2.8101023466304715,-0.0053833570700105,6.136003055665694,15300,3
2375.86110422215,-11.681752920706913,-39.987854111183424,-136.86559313112957,-130.86800143519577,137.86110422215006,666.0,0.1666666666666666,0.2301495972382048,6.627865344411902,0.0450118072396114,9.091442803222114,15301,3
2573.0,-0.5277777777778283,-1.1340206185568604,-2.0138089758343085,-89.01252776773254,4.0,81.0,0.1778350515463917,0.3587456846950518,0.0804390092035236,-0.0005988759219805,0.4290302331155394,15304,3
2576.138887111105,-3.0325414603235004,-4.760076619465053,-2.721371138536597,-24.719357377043252,6.13888711110485,38.0,0.5,0.4952654232424677,1.0880174465248835,0.0025946421081343,1.3604502349707783,15306,3
2402.66682799972,-0.0553942225019454,4.949211419409494,-20.646463139520165,-173.33133347938292,205.66682799972023,665.0,0.5129533678756477,0.4637514384349827,13.954472441426576,0.0395210934623429,9.256085837819835,15307,3
2545.0,-0.0555555555556566,3.297927461139807,9.75372706422013,-18.110285389895125,29.0,37.0,0.4507772020725388,0.768348623853211,0.1854193731036051,-0.0005988566078877,0.1342113138745618,15308,3
2762.5833573333366,2.777801777780951,-25.140156878549533,-70.44777662838851,166.46755267642357,287.5833573333366,479.0,0.4961240310077519,0.2699228791773779,5.645989408954616,-0.026818440027892,7.052347579262234,15310,3
2708.6667039999484,9.38892622217054,25.608030530560427,23.07946143701929,67.57669782456742,130.66670399994837,163.0,0.9387755102040816,0.8200800915331807,6.5437618293270114,0.096385775614831,3.288476293623346,15311,3
2585.250012666703,-0.4722095555193846,-4.721489923970694,-32.92564749403209,-127.29098619587604,17.250012666702787,271.0,0.6088082901554405,0.6156716417910447,2.727886744961495,0.0017945529710549,2.4838278646789265,15312,3
2552.7499773334193,6.092834476276494,-44.78370142305721,-93.3713567666382,-0.6456612151810077,277.74997733341934,823.5999999999985,0.2642487046632124,0.3021851638872915,3.689334205756065,-0.0643451613395286,8.128016017926509,15313,3
2706.2500473333307,8.250047333330713,48.04797479447052,23.971696817866817,-23.242011657026524,125.25004733333073,392.0,0.7901554404145078,0.6509163802978236,6.0435582030955235,0.0708699334555155,2.989971759780345,15314,3
2572.0,0.1111111111113132,-0.304123711340253,-1.552389176741599,-25.00684825304961,4.0,18.0,0.3195876288659793,0.3151986183074265,0.7899824113629575,0.0137727523379774,0.401896651300491,15315,3
2589.527781555556,0.2420672698417547,-0.1872443511797428,-8.626727347373162,-101.78983078654392,17.527781555555976,129.0,0.5181347150259067,0.4417001723147616,1.2585290304958698,-0.0207559603824866,1.0782441133159657,15316,3
2626.305593111128,-2.2944068888718903,-45.25513040308397,-89.97293133840003,-112.63953041251943,52.30559311112802,290.0,0.2041343669250646,0.1160995138690306,3.8048028396846343,-0.0609505895958688,6.153337974424343,15317,3
2755.083307333236,-6.345264095335551,-14.255193958753807,-16.288113056225484,-137.56417969534004,167.083307333236,570.0,0.4108527131782946,0.516036655211913,9.905039084080244,-0.1386374808043047,6.493582026252004,15318,3
2639.0833319999997,1.8333319999997,1.2620884766838572,-3.881444632302646,-44.9379434996913,20.0833319999997,70.0,0.810880829015544,0.5959335624284078,0.857761817747567,-0.0149702087060578,0.8016655713936844,15333,3
2919.527236888921,-3.41562025393614,-14.620049932784696,-53.38713882700131,51.90031033670721,195.52723688892092,578.0,0.4625322997416021,0.4487399770904925,14.591953715815729,-0.1823669622800535,9.57889843124567,15334,3
2542.0,0.40625,2.453125,7.2588978185995074,-20.356261614701452,19.0,28.0,0.6119791666666666,0.7224454649827784,0.2185324453918321,1.4372870950655584e-08,0.1097734866846516,15337,3
2339.499998666666,7.138887555554902,3.867345605441642,13.0166271070334,-29.70143424916296,125.49999866666622,211.0,0.4413265306122449,0.5923165137614679,9.456987596038877,-0.0395792395545216,4.037209543578601,15338,3
2563.0000080000236,0.0625080000236266,4.291674666690142,3.2144167256265064,-84.22099901607226,27.000008000023627,152.0,0.6692708333333334,0.6785304247990815,2.7530138583550325,-0.0448637056116195,1.3802159555273217,15341,3
2568.83335999996,2.52780444440441,-6.334598656370872,-43.119510608437395,-61.917361203419205,64.83335999996007,413.0,0.4935400516795866,0.5218508997429306,2.573098632702357,-0.0281185895548786,3.2342283387592996,15344,3
2821.00001599996,-4.583317333373543,-7.777186072578843,-11.005440634158276,-22.290551794020757,141.00001599995994,388.0,0.4326424870466321,0.5005743825387708,3.136447708896726,0.0544159444328998,3.165131425101046,15345,3
2533.5000079999772,3.4687579999772424,8.252612166643758,0.985943706062244,-64.63943988443953,13.500007999977242,48.0,0.78125,0.483926521239954,1.5781148509955287,0.0269390417258333,0.5869318018525446,15347,3
3057.0000039999723,1.7142897142580296,-28.63212035235938,-123.99051868813784,-202.58858000209875,61.00000399997225,622.0,0.4507772020725388,0.3469270534175761,6.208234664377151,-0.0543763972181848,6.220552883191568,15354,3
2551.4999999999764,-3.593750000023647,-17.989583333357132,-138.59116972479433,-134.56833625040963,106.49999999997635,594.0,0.3020833333333333,0.2015481651376146,3.405187124060954,-0.0053804657761929,6.702986881809152,15355,3
3354.2500380001275,3.8750380001274607,-26.37496199987254,-20.694278877025223,191.28525072214325,358.25003800012746,589.0,0.3645833333333333,0.4084385763490241,5.3890123626754205,0.0787017181987034,9.02801846626006,15358,3
2504.0,-0.1944444444443434,-0.5658914728683158,-6.024271844660234,-170.43424509349416,0.0,157.0,0.0,0.0085665334094802,0.1669849979502118,0.0019962297940528,0.4980845674434964,15360,3
2622.8611075555905,0.1944408889239639,-8.079460919861503,-18.19743042270784,-50.48588325072387,6.861107555590479,142.0,0.2480620155038759,0.3743575099942889,0.6824059790354148,-0.0097809391582166,1.435642896694651,15361,3
2948.9995840000984,22.124584000098366,104.98135483343184,137.66902207349267,251.88376930361255,391.9995840000984,471.8500000000003,0.9765625,0.8314220183486238,13.279117518963584,-0.2028360085465225,5.361704556197479,15363,3
2663.6944488888703,-0.4484082539870542,-1.4402661370363603,-12.05655512719386,-14.087268204483737,49.69444888887029,138.0,0.4326424870466321,0.4027538726333907,0.6872798940370239,0.0047906290936381,1.4456068653103815,15367,3
2748.499983999995,-3.361127111116275,-11.554420145082531,-46.67807458702373,-130.1733148357098,108.49998399999504,384.0,0.2590673575129533,0.2820218265364733,2.4566399386123283,0.0059832611205972,3.1793435790562397,15369,3
2449.4722177777676,1.3865034920531798,13.680551111101067,111.39713147166869,228.7513273224331,413.4722177777676,422.0,0.7578125,0.95512082853855,1.4253232024028972,-0.0099781677758525,0.5571027921635365,15371,3
2548.0,2.199999999999818,6.583979328165242,6.511880904666668,-28.04996902746234,25.0,76.0,0.8888888888888888,0.830518179215574,0.5198063147964994,0.0089827109247719,0.1231265471059741,15372,3
2657.6944375555126,-0.5055624444871682,-1.5205883512230685,-11.877360261833928,-118.36062185273477,76.69443755551265,312.0,0.4870466321243523,0.4661114302125215,2.082012089496208,-0.0055857978556713,1.4337921549095445,15373,3
2817.8610862222936,0.0325147937219298,-28.27621947718808,-133.78281621673068,-86.37837480289636,243.8610862222936,673.6999999999989,0.422279792746114,0.2086083213773314,10.12532708175921,0.0717280395120478,9.457799672584684,15374,3
2535.5285928907715,-7.138073775895009,-32.11998592059808,-37.74146134845205,38.3228763979173,173.5285928907715,716.0,0.4599483204134367,0.5772195261204681,9.22938118513409,-0.0163578489728994,7.266574923405127,15376,3
2379.499951999992,0.1570948571347798,-22.877308981920123,-92.82239757020852,-219.95862252967527,41.499951999991936,433.0,0.3281653746770026,0.1163323782234957,1.5608563669282691,-0.0171614712576641,4.752684725961991,15378,3
2665.305541777829,-0.6087439364564489,-5.133734707958865,-49.56120114467603,-17.386293799044324,117.30554177782916,929.3500000000004,0.483204134366925,0.4921361166714326,4.842478890080119,-0.073199672072957,3.4697089986471994,15390,3
2564.5830953330624,-9.416904666937626,-19.530599757376876,-42.63409664401479,-81.82505633549863,24.583095333062374,166.0,0.2428940568475452,0.2131805157593123,4.443952922531665,0.0059700416574363,4.101582318748358,15391,3
2475.9999919999873,5.812491999987287,39.2135336666538,28.00085209173039,-62.736455490479784,142.9999919999873,335.0,0.8671875,0.6860665137614679,0.9518497963099508,0.0161674561118239,0.7223428187526033,15393,3
2849.583304000035,1.1944151111460997,-7.55659237302234,35.60536703728394,92.36059736501238,217.5833040000348,341.0,0.6036269430051814,0.7616045845272207,4.093736337953274,-0.0573452299350728,3.4447955845201665,15394,3
2801.7500639999816,-0.6249360000183515,-3.8775401666848666,4.278257325643153,-9.094038723431368,153.75006399998165,357.0,0.4453125,0.5497698504027618,5.39096300174089,0.0930111199830255,3.2169230330662746,15395,3
2574.0,1.057142857142935,0.6614987080101855,-0.1610315186244406,-81.47143484664457,5.0,73.0,0.5710594315245479,0.5292263610315187,0.1767991221783846,-0.0013973575027626,0.1103660266962557,15396,3
2553.5000260000156,0.1250260000156231,-1.5407903265149798,-95.81763455044302,-120.716126263359,48.50002600001562,459.75,0.5408163265306123,0.4208715596330275,2.905415968642054,-0.0269146722434306,4.573816085339591,15001,6
2599.2499856666636,-0.4166810000028818,-10.57475660137743,-30.41897985057767,-51.87820620762568,14.249985666663632,176.0,0.2886597938144329,0.2149425287356322,1.0847901101393975,-0.0055884272972274,2.553297405303126,15003,6
2575.83331733334,-0.9166826666601082,-5.500015999993593,-15.655161929332737,-89.26811094237928,5.833317333339892,142.0,0.5784313725490197,0.412442396313364,2.553991880939953,-0.0044870907055181,1.4258304559516946,15004,6
2309.99996000001,-1.8750399999898943,-21.436210212755668,-126.68739632182906,-282.69172734490303,19.999960000010105,514.1500000000001,0.3085106382978723,0.064367816091954,1.3087041155788617,0.0083820027178277,5.434677638248723,15005,6
2524.7500210000394,-4.249978999960604,-22.45831233329409,-39.97486484470937,-55.47349507580566,13.750021000039396,204.44999999999985,0.2916666666666667,0.3972602739726027,2.66439382260706,-0.0080760713191155,3.4566374574673695,15009,6
2550.1666773333004,-0.2777671111439304,-1.6993020481427266,-13.770104275894935,-44.9106273380512,2.166677333300413,46.0,0.4432989690721649,0.1908045977011494,0.4153275118186745,0.003493312618706,1.077577310407409,15010,6
2575.9999920000173,-2.2000079999825175,-7.520416163248228,-63.8885137471093,-163.1449790264728,7.999992000017301,409.5999999999999,0.3571428571428571,0.3218390804597701,1.0109941155628526,-0.0131731555998066,2.897366462461657,15011,6
2596.333339333333,-1.0666606666673033,-4.81972189115686,-27.71493652873596,-144.90513492757282,21.833339333332788,267.0,0.4591836734693877,0.3183908045977011,0.7831605950808861,-0.008383454414268,1.5676787402273726,15014,6
2463.2221931109825,-11.444473555684,-28.427291425100066,-49.314504136723826,-110.27145817424524,71.22219311098252,266.0999999999999,0.268041237113402,0.2178899082568807,10.605496321428998,-0.0908472241036966,8.561375953671542,15019,6
2534.4999930000017,0.749993000001723,-14.080006999998204,-50.247159619588274,-109.86704472417888,21.499993000001723,391.9499999999998,0.2,0.0854214123006833,1.8652268272610144,-0.0112229023956187,3.1815231730640594,15024,6
2561.666664000001,1.5416640000012194,5.1862718431384565,-9.461216184330624,-84.9905024601394,23.66666400000122,187.94999999999985,0.8823529411764706,0.533410138248848,0.8641256040355121,0.0020958270141665,0.910569294886716,15025,6
2553.9999979999875,1.2499979999874995,-0.3431392549146039,-65.10829693088817,-140.30834565965733,20.9999979999875,597.9499999999998,0.6372549019607843,0.4769585253456221,1.3697606266553903,0.0191584943403389,2.5985057475870676,15026,6
2462.750000000059,-2.999999999940883,-3.2826086955928986,-6.659403669665608,-68.82269723248919,136.75000000005912,365.0,0.4347826086956521,0.4311926605504587,2.555054178790945,0.02961479785155,4.734130591918213,15027,6
2462.500022000022,-0.4999779999780003,0.3979811836952649,-60.2190146972257,-139.14284985823906,9.500022000022,395.5,0.5918367346938775,0.286697247706422,2.175454917349479,-0.0287252072030743,3.276371095029708,15029,6
2573.833335999995,-0.0416640000048573,0.0208359999951426,-2.586388770646863,-48.278991070002576,2.833335999995142,35.0,0.5104166666666666,0.4334862385321101,0.2076769163496952,-0.0035932210958605,0.2181797652553893,15030,6
2371.2221791110915,-1.7778208889085363,-1.0355528476716245,-5.8730043751470475,-179.35519142324392,9.222179111091464,218.8499999999999,0.6391752577319587,0.6399082568807339,2.509172929593233,-0.0321086868001889,1.9753413576633263,15031,6
2716.499983666638,4.055539222193602,15.829880573854552,-76.36506823647642,-219.3311448988852,100.49998366663796,568.8999999999996,0.6701030927835051,0.2883506343713956,3.468793992757474,0.0478219981445332,4.4926620611756,15033,6
2547.0,0.25,2.3099999999999454,-0.005747126436745,-29.600475010326136,21.0,84.0,0.61,0.6091954022988506,0.1029387672758173,-0.001796619450372,0.2898910217770352,15036,6
2767.000054999967,-7.249945000033222,-36.67994500003306,-51.43097948279183,-117.13142609897976,170.00005499996678,646.0,0.31,0.4367816091954023,2.1470427789431032,-0.0350097849993609,8.691101414793032,15037,6
2627.2222164444483,0.1111053333370364,-38.891185617407245,-95.64644715002169,34.07952202589195,207.47221644444835,639.25,0.1752577319587628,0.1831797235023041,0.5564216055080146,-0.0047907765947605,6.551227924306856,15038,6
2584.333332,2.555554222222326,8.168383546391851,10.885056137931317,-25.924322116673466,16.333332000000155,54.15000000000009,0.9381443298969072,0.9482758620689656,0.8406237631238713,-0.010279562666868,0.1891772761295732,15049,6
2574.3611478889698,2.472259000081067,-0.5254500491746512,-7.443449812179551,-65.78934306710244,16.361147888969754,65.0,0.4948453608247423,0.3229885057471264,1.9728442333625729,0.0125689485702786,1.3627463168068137,15051,6
2639.333354666691,7.083354666690866,29.458354666690862,0.0333546666906841,-91.28821112550077,205.33335466669087,680.0,0.8020833333333334,0.596551724137931,2.2241955177968644,-0.0028424622626107,2.976813711818197,15053,6
2605.999997999994,-0.3333353333396189,-0.2371154020679569,-3.635634183914135,-39.40176183437461,28.999997999993862,116.0,0.4329896907216495,0.4850574712643678,0.7873707907549099,0.003592912601851,0.416752284214676,15056,6
2870.666720000223,8.416720000222995,29.78130333355648,-1.3102914940300252,-118.8250697343633,241.666720000223,684.8999999999996,0.625,0.5172413793103449,7.430964387590145,-0.1285178362279426,4.308436235324793,15057,6
4011.222214444498,5.333325555609463,-4.489125761687319,40.02083354691467,534.0585667889759,534.2222144444981,828.1499999999996,0.5257731958762887,0.6214039125431531,9.408499406025838,0.0618389119333576,6.633353667389654,15062,6
2607.1944392222076,-0.1388941111258645,3.62742891292919,6.502485199219336,7.345240255799126,31.19443922220762,47.0,0.8350515463917526,0.7597701149425288,0.3369900487828436,0.0035931819506391,0.2970087356324016,15063,6
2641.1668399999776,-8.27760444446676,-19.833160000022417,-30.473570958926302,-89.87892919105434,44.16683999997758,212.19999999999985,0.1789473684210526,0.2168949771689497,2.9307302750176136,0.0509865858865338,4.499630900579149,15066,6
2920.999897999921,1.899897999920995,1.5713265713493456,-5.408358880813012,163.44145107716167,246.399897999921,425.4000000000001,0.5816326530612245,0.5378440366972477,4.273861570047664,-0.0450892217338103,3.3288807402923144,15070,6
2705.6666540000315,1.555542888920172,-2.9149786530297206,-28.371233485617267,-129.99698798800728,48.666654000031485,354.7999999999997,0.4183673469387755,0.3880597014925373,0.8604330056779896,0.0037924335421584,3.7247647851369257,15071,6
2561.6666679999994,1.3333328752196394e-06,0.8707496326524051,-25.008418107922353,-73.393375330239,29.66666799999939,227.79999999999973,0.6632653061224489,0.4270952927669345,0.4553264439644253,-0.0071862624735323,1.3231627157064891,15072,6
2330.8333059998013,8.083305999801269,-4.539034425730733,-21.13336066686543,-48.84244219421316,27.83330599980127,123.0,0.4468085106382978,0.2471264367816092,3.40257082990035,0.0149454068178283,3.1857941784271517,15073,6
2327.50000799999,-5.8333253333435096,-20.641296347836033,-40.153661724780704,-96.51639051486154,32.150007999990066,342.6500000000001,0.1739130434782608,0.1743119266055046,2.714184307174267,0.030508402891425,3.897950165857604,15074,6
2360.5833733335044,-10.416626666495633,-36.73035215669188,-44.05257136695627,-37.948534968850254,67.58337333350437,223.0,0.1470588235294117,0.206221198156682,4.541623346585092,0.0525356344613841,7.34712114564764,15075,6
2563.833355999953,-9.1666440000472,-43.826437814480414,-64.68773864086825,-94.59689696855504,21.8333559999528,239.0999999999999,0.0515463917525773,0.0877993158494868,4.341712687926378,0.0371729918685127,6.545307540418597,15076,6
2379.7777805556334,-12.99999722214443,-36.11912666086164,-45.20844217685817,-137.81147009036158,79.0277805556334,335.5,0.2164948453608247,0.2583237657864523,1.6907500147201404,0.0145661904848736,8.326954413609306,15077,6
2713.9999629999156,6.624962999915624,14.744860959099242,-13.567697550543016,-30.01890297946602,102.74996299991562,325.75,0.8979591836734694,0.5263761467889908,2.920973148417227,0.0466514912653173,2.1511743222105437,15078,6
2388.8327720002917,-9.36722799970812,-75.25906473440227,-120.33695277035032,-174.5354266806644,22.832772000291698,427.0,0.3571428571428571,0.2144495412844036,7.659187362208406,0.0495586961727446,9.203716496353742,15079,6
2260.333334666691,-1.8888875555312552,-2.72852100341197,-9.92897919356119,-63.00209531887322,10.333334666690916,146.0,0.2577319587628865,0.3550973654066438,0.2906798600043293,0.0011977603670223,1.2082732722962348,15081,6
2668.750000000038,-4.583333333295286,-39.01041666662832,-47.59931506845487,-73.29037906877102,51.7500000000382,366.0,0.28125,0.4577625570776256,5.609991816546124,0.0625806016126125,6.236660888700552,15084,6
2584.222173444551,-1.6667154443375694,-7.942775009057186,-21.428055913247135,-4.6231777951184085,44.22217344455112,202.25,0.3298969072164948,0.2958715596330275,4.8937239130649965,-0.0481329856113939,3.37742665938013,15085,6
2591.1111262222435,6.5555706666877995,19.152363335645532,12.183540015346807,-9.65742099825684,34.111126222243456,88.0,0.9484536082474226,0.828735632183908,0.1334433327949439,0.0017965899291417,0.2025251241675523,15086,6
2589.5000199999713,-3.2499800000286996,-14.423893043507178,-41.284383669753424,-68.46525205279067,43.5000199999713,282.0,0.4130434782608695,0.378440366972477,5.248497643377105,0.0429381062612718,3.095209839080746,15087,6
2598.500001666685,-6.499998333315034,-48.299998333315216,-134.18878551866965,-350.98103853223756,83.50000166668497,563.4000000000001,0.1052631578947368,0.1121281464530892,1.7478379981023162,-0.0089788927821599,7.2480673119829,15088,6
2767.6666719999967,0.8888942222188234,2.6872905566974623,0.6666719999966517,-48.26951581673711,62.81667199999674,174.30000000000018,0.6185567010309279,0.535632183908046,0.7651969740288245,0.0096809340035217,0.5000408266332308,15089,6
2642.833386000068,-4.066613999932088,-22.70828066659851,-99.95397032177108,-151.93018469136632,79.833386000068,544.75,0.3125,0.2620689655172414,4.076038707155272,0.0023894611830733,5.04373744750643,15093,6
2745.7778675553536,-10.347132444646377,-67.09713244464638,-125.86047917254518,-109.43933075165567,162.72786755535344,678.9499999999998,0.3229166666666667,0.2537313432835821,13.36462697156055,-0.1749911196325657,12.105790141049772,15095,6
2678.8889031110407,-1.9999857778479964,-12.447831582836898,-35.44519562604319,-103.52721327360632,24.88890311104069,220.0,0.1224489795918367,0.2238805970149253,0.6786676014402874,-0.0045910573170945,2.045014233551115,15102,6
2464.9166819999896,-13.583318000010422,-66.5194882127762,-72.26451066056097,-151.65479070855827,12.916681999989578,375.0,0.2340425531914893,0.1364678899082568,4.830479223999445,0.0832463622399778,11.032040244991268,15104,6
2576.3333383332883,-0.9999950000451464,-6.491403934752725,-37.18915301619245,-104.75413578679444,6.333338333288339,327.0,0.3608247422680412,0.3448673587081891,1.2972805733339705,0.0179615837615119,2.075364975437954,15105,6
2832.499979999927,1.388868888815523,-1.572184948526683,-9.439100459843305,-48.97001793096479,150.49997999992684,402.4499999999998,0.5051546391752577,0.4862068965517241,3.633959737405345,0.0085666122453618,2.269912291496894,15108,6
2709.166654000116,-7.61112377766176,2.3419117320750047,7.760724695669069,21.059890964494116,158.26665400011598,300.0999999999999,0.4948453608247423,0.5359179019384265,4.138400014175804,0.0677949854664815,6.069766433123208,15109,6
2988.999908000009,-13.833425333324612,-31.739222434773637,-39.49435805503708,22.491856802651455,345.9999080000089,811.8499999999999,0.3369565217391304,0.4724770642201835,14.272589136462646,-0.2115514378608582,11.175730122207352,15111,6
2685.94446222217,-0.9444266667187547,7.810441603613072,20.87680167171129,-17.765328348345065,139.94446222216993,446.0,0.5567010309278351,0.5493119266055045,1.0583156980062551,-0.0107779431320736,1.353546761476789,15112,6
2632.4999920000264,-0.0833413333070893,1.1956441739393997,-7.701842862358717,-59.42056585121327,62.4999920000264,233.0,0.5652173913043478,0.5378440366972477,1.1997687359124978,-0.0008981178288762,0.9722050558485508,15113,6
2792.6112148887614,3.486214888761424,-0.920035111238576,-31.890507269677073,-128.38682473154404,188.61121488876145,566.0,0.5416666666666666,0.4707233065442021,7.545663274452836,-0.0841551799724831,6.483976681560273,15114,6
2372.9444962222583,-2.3055037777417056,-5.426637798360389,-89.84015440775329,-209.6445082047981,7.944496222258294,491.75,0.4948453608247423,0.27262313860252,1.8332380798736327,0.0283321979072329,4.2475336347700035,15117,6
2675.3333319999856,1.999998666652118,8.088434040801985,2.331033149410814,-38.59447217270599,96.2333319999857,270.9000000000001,0.6224489795918368,0.5735632183908046,2.7261743911507437,-0.0474568555269287,1.8480634348548557,15119,6
2855.722223111119,4.597223111119092,21.201389777785607,103.85701573784718,34.51489467720967,263.7222231111191,363.0,0.625,0.8502304147465438,4.849360873929954,0.0735468041791244,1.4150655968443986,15122,6
2721.833330333341,0.3888858888967661,0.8436396116917422,-4.091698501722476,-20.90953862077231,46.83333033334111,123.0,0.5051546391752577,0.4671280276816609,0.4851729392068504,0.007785076010611,0.4433837920204909,15126,6
2596.888844444373,3.5555111110393227,7.582721995393058,-26.820684832320698,-108.91639320899368,44.88884444437281,335.0,0.7653061224489796,0.4270952927669345,1.537716094866428,0.0096780497669077,1.738022483660899,15128,6
2572.250013000121,1.4166796667873314,1.880447782729334,-28.68691360538378,-13.617342371780069,102.25001300012082,280.0,0.5869565217391305,0.3830275229357798,2.079207497883277,0.0350109553488393,2.4810846050331845,15131,6
2542.7499999999636,-6.916666666702895,-39.08695652177539,-55.966743119302464,-88.92023907670591,53.39999999996371,242.30000000000015,0.1630434782608695,0.146788990825688,3.9393357881880497,0.0277817392229117,5.837615115075566,15132,6
2562.6944545555525,2.1388989999968544,-6.66637018671554,-25.107844295022005,-78.48526847049152,13.694454555552513,129.0,0.4536082474226804,0.3482758620689655,1.7387766019154085,0.0269369408945016,1.4527123990719826,15133,6
2547.166655000001,1.9444327777787296,10.970778711341154,-11.354439640820146,-34.45124375244768,35.26665500000081,204.19999999999985,0.6701030927835051,0.5792474344355758,3.150409739433419,-0.0273571804912006,1.6146141326579997,15139,6
2361.0006400000248,-10.399359999975331,-41.49935999997524,-55.917750804572734,-154.92102804633305,154.00064000002476,512.0,0.2857142857142857,0.2758620689655172,5.486962960442411,-0.0807745029802451,9.891612744427976,15140,6
2705.5000046666723,-1.0555508888833174,-10.304119044667914,-41.00512646217612,-136.75558869346787,19.50000466667234,301.0,0.1134020618556701,0.0421892816419612,0.8811422430510376,-0.0017963751653453,2.298021149642354,15142,6
2748.5001579995815,-3.610953111529852,-5.798811072583703,142.95834814849331,206.8325297284091,378.50015799958146,397.0,0.422680412371134,0.8064146620847652,3.473299248608648,-0.0047816162963891,6.090089631084558,15146,6
2471.9999859999884,-8.62501400001156,-60.808524638309336,-97.36897951725314,-238.27450759240492,31.99998599998844,493.8999999999997,0.0851063829787234,0.0540229885057471,3.2146307487580197,-0.0460405421569945,8.63781368002483,15147,6
2566.999999999998,0.8888888888868678,-4.412371134022578,-30.127708095782964,-76.45721952730082,31.99999999999818,256.0,0.5670103092783505,0.4253135689851767,0.995642655074002,-0.0173647224621405,1.7491811468731773,15148,6
2844.500038000086,8.875038000086079,-7.209961999913958,-59.67663636480984,-62.56340642135865,234.65003800008617,611.1500000000001,0.51,0.4330254041570439,9.189747232393769,-0.0536502835927516,5.062460452111782,15149,6
2411.055572444584,-8.055538666527355,-41.02690178222019,-22.702455078351704,-8.584216942159856,106.05557244458396,255.1500000000001,0.2061855670103092,0.4025229357798165,4.7105868326073725,0.0672455679459862,7.489592395673303,15153,6
2547.0,-0.4444444444443434,0.5154639175257216,3.6388571428569776,-27.8123388011968,19.0,39.0,0.3917525773195876,0.6937142857142857,0.1936080114270539,0.0017966102961876,0.2963739623663808,15158,6
2766.0000969996295,-18.249903000370523,8.650096999629568,108.63520092572662,96.3953567802132,195.00009699962948,196.1500000000001,0.54,0.9353348729792148,15.70660355445298,0.0250784142917288,11.53482515032242,15160,6
2635.4999973333033,0.9999973333033269,1.6063803120268858,0.2298823907744918,-12.016338481419552,38.49999733330333,106.0,0.5957446808510638,0.5758620689655173,0.7578431228842777,0.0080841185187655,0.6319020856918336,15164,6
3002.166692000126,0.5000253334596891,0.3035341053891898,-16.47828516882373,78.18947104340623,196.4666920001264,490.3000000000002,0.6,0.5228310502283106,5.311918792268369,-0.0079009890265849,4.351269067207406,15174,6
2571.2500030000074,-0.5833303333261028,-3.4782578695576376,-9.991969477056957,-71.87127799172822,1.250003000007382,72.0,0.4782608695652174,0.3772935779816513,0.5318563656354602,-0.0035930916871804,0.6664742878344825,15176,6
2717.0000233328037,1.2222455550258928,-13.536059141423266,-56.480022277230546,46.2430380765918,164.00002333280372,391.0,0.4845360824742268,0.3511972633979475,2.9744343178493304,-0.0487420225495536,5.100546804502531,15183,6
2636.277758222209,2.2777582222088313,2.2879623038415957,4.030335541796376,-5.924855484315231,78.27775822220883,139.0,0.6326530612244898,0.5967926689576174,2.890403611820808,-0.0500420732910142,1.4763894664089636,15187,6
2712.666676000068,-4.083323999931963,-0.2916573332654479,8.51071269731574,76.075448652457,232.11667600006783,540.4499999999998,0.53125,0.5527522935779816,4.460372293698279,0.0059706416390248,2.2639665833416407,15194,6
2757.721908444935,-9.16698044395389,-51.33994722516809,-102.94245937115738,-49.13567733431273,247.7219084449348,609.0,0.3711340206185567,0.2724137931034482,14.088691161466008,-0.1135579328167175,10.364062437488284,15197,6
2308.888836444582,27.333280889026355,54.94038283633472,123.87731570725464,334.4200281544265,506.2388364445819,597.6999999999998,0.6597938144329897,0.6981566820276498,18.051270370625353,0.0543778552064671,5.78417827519184,15198,6
2923.166650000011,2.94442777778886,4.104794329908145,29.316707273779684,114.78349558217452,179.91665000001103,279.75,0.5670103092783505,0.7491408934707904,6.8620286711498775,-0.1165385060337921,3.80375398915822,15199,6
2579.6666720000085,-1.047613714277304,-4.7017490526231995,-3.646829144156072,-39.427729983052814,11.666672000008475,63.0,0.2947368421052631,0.5022883295194508,0.555677181894441,-0.0050902528732861,1.0840016947188125,15201,6
2635.1666666666615,0.0555555555501996,-4.699312714781627,-16.374279123419,-17.08674383354537,31.166666666661513,173.94999999999982,0.5670103092783505,0.5259515570934256,0.4566253572373766,0.0053896958827488,1.4027988341340998,15203,6
2608.9999869999942,2.999986999994235,10.529986999994437,-2.274839789844009,-54.92735723515398,37.999986999994235,141.0,0.91,0.4907621247113164,0.2830021802334235,0.0031440687255011,0.4781997258292922,15205,6
2719.999999999851,4.624999999850843,11.499999999850845,-59.33371559647958,-24.65298969087098,149.99999999985084,411.0,0.6224489795918368,0.3520642201834862,6.636119598457296,0.0089229258996783,4.338431722798571,15206,6
2798.249994999991,-0.3333383333424535,0.1195602173825136,0.7213252752203516,-65.06291822314961,74.24999499999103,212.8499999999999,0.5434782608695652,0.5504587155963303,1.281310409276518,0.0179617293685346,0.5470446792314065,15207,6
2566.8333440000106,0.9444551111218972,4.276642969082786,-3.321472513750905,-68.5836149436659,38.833344000010584,232.0,0.7010309278350515,0.6846330275229358,1.6073354929690198,-0.0199545976054675,0.9453123391349508,15208,6
2355.750036000173,-4.416630666493347,-13.521703130261812,-14.40592730257913,-22.073384074176374,94.75003600017315,226.0,0.217391304347826,0.4036697247706422,2.931417375402438,0.0430625012060139,4.303053321006788,15209,6
2703.6666616666557,-1.0000050000107876,-4.302410498292829,-21.03230027106065,-27.763371404861573,50.66666166665573,146.0,0.3298969072164948,0.2468281430219146,0.5531668346716822,0.0077850006788024,1.4254273098210883,15211,6
2931.0000800000657,4.875080000065736,30.64591333339922,8.654457880249993,-108.03995310224128,187.00008000006576,670.3000000000002,0.7291666666666666,0.5944700460829493,6.651415570662796,-0.0206214667160028,2.8999819821512265,15222,6
2457.666676,1.266675999999734,4.809533142857163,3.024474165137235,-85.5772968003298,64.66667599999982,208.3499999999999,0.7244897959183674,0.5905963302752294,1.033816844283188,-0.0095804057556708,0.6773487120499601,15225,6
2694.7498499999956,-1.750150000004396,-7.282758695656412,-25.115975688077924,-111.15866897690194,25.749849999995604,195.0,0.4565217391304347,0.3279816513761467,2.8700962569714066,0.0242238699853661,2.07722586563345,15227,6
2779.833320666635,-5.1666793333652095,-30.156262666698694,-94.41094538841116,-162.61464126177407,52.83332066663479,601.0999999999995,0.1979166666666666,0.1892201834862385,0.7054067686393491,-0.0119765458443068,5.533877412211504,15228,6
3437.44444488885,5.69444488884983,18.059028222183315,26.52844949184191,107.48499102041797,315.44444488884983,611.0,0.6666666666666666,0.6087456846950517,4.927441875027284,0.0454953908744592,3.425943375325745,15229,6
3053.000040000001,4.583373333334293,28.57612695652233,-28.477024220182557,65.07996986798753,203.85004000000072,510.8499999999999,0.7934782608695652,0.4438073394495412,3.62322969589021,-0.0367585390125682,3.1918855510650923,15230,6
3319.6667599998864,-5.777684444557963,-26.797157525886632,-22.825794410193794,195.56589276883145,339.4167599998864,552.5,0.3608247422680412,0.3722794959908362,10.571160958559688,0.1565966498537168,9.841523564896056,15231,6
2753.8888757778013,-3.0000131110873554,-20.42040257271401,-88.82886615768257,-189.49307226070417,42.88887577780133,601.0,0.3608247422680412,0.238479262672811,3.397686360969759,0.0111593337375526,4.23647164793629,15232,6
2947.249747666664,21.499747666664007,89.54762000708934,80.37158674712373,175.77719864705614,306.1997476666638,366.8999999999997,0.8404255319148937,0.8367816091954023,19.465620843772328,0.1256334871437344,7.848724224244296,15233,6
2699.416682666664,0.791682666664201,10.544133647056242,10.220830132102035,18.525521989258323,135.4166826666642,405.0499999999997,0.6568627450980392,0.5944700460829493,3.256656016608314,-0.0520179582198582,1.9533676505703692,15236,6
2311.6665066667492,5.380792381035008,-20.207177543777107,-64.99977773692035,-207.63539967390537,270.6665066667492,786.3499999999999,0.4210526315789473,0.3681192660550458,7.176974674124251,-0.1209160538800379,5.934754643386723,15237,6
2614.3333240000043,2.666657333337753,-3.3197372244853796,-11.836790942524658,22.25389826152059,67.23332400000436,206.80000000000015,0.5306122448979592,0.5793103448275863,2.939725678983178,-0.0370813381223342,1.7243039222553636,15238,6
2628.8333440000088,-2.066655999991326,-16.003390693868823,-50.48087618347745,-153.2489919471641,42.833344000008765,291.0,0.2857142857142857,0.1089449541284403,1.6214717479263572,-0.0266392174913073,2.947452517163209,15239,6
2742.2777455554988,-1.6111433333899186,-0.7016358878004212,-65.99875214035364,-140.04357203306563,127.27774555549875,482.0,0.5979381443298969,0.3283410138248848,3.1893592078581876,0.0203301724154608,3.851449517234542,15240,6
2958.111123555542,13.36112355554178,32.694456888875266,-16.207267249055803,-87.3102555409123,243.16112355554196,821.0999999999999,0.8020833333333334,0.5379310344827586,2.4378225279110923,-0.0367970494490302,2.777429241834026,15242,6
2443.111067555201,-5.8889324447991385,-12.734293269541467,-59.36201377355064,-72.21221052572173,53.86106755520086,377.75,0.4845360824742268,0.2313860252004582,4.9229986167619435,-0.0625000965508989,5.122697373381204,15243,6
2855.3333406666648,-11.095230761906803,-41.42455407017724,-36.50113421918013,122.05383819955932,129.33334066666475,413.5499999999997,0.1684210526315789,0.3778538812785388,4.376794674735669,-0.0501587461033405,6.30647737905128,15244,6
2634.416681000014,-2.2083189999862043,2.828445705896229,-55.17894111980195,-26.359686389047056,112.4166810000138,490.0,0.5294117647058824,0.4907834101382488,6.224089973035764,0.107161924320035,4.644092519978372,15245,6
2740.666693333301,-8.444417777810486,-29.879698419276338,-30.764499327249723,-152.55776694972792,150.91669333330083,570.25,0.2164948453608247,0.4529816513761467,3.230740333114075,0.0175388805936811,7.029526033101954,15246,6
2617.4166619998405,-0.4722268890482155,-7.09880191768525,-62.700176488132,-95.62235131422722,15.416661999840471,225.0,0.4845360824742268,0.2061855670103092,1.0139697753092756,0.000199639752754,2.634616892073013,15247,6
2572.5000080000023,2.944452444446597,19.582482226806405,-2.0701174275918675,-16.802806723165304,60.50000800000225,199.0,0.8041237113402062,0.5781071835803877,1.4461092767026178,-0.0242466624277447,1.5720215888607123,15251,6
2602.3333359999597,10.619050285673891,29.059651789433246,11.985858935739545,-72.98990679498138,244.6833359999596,635.6999999999998,0.7157894736842105,0.5676605504587156,9.261486926593484,0.1001857017592699,3.199278475013333,15254,6
2313.9999639999883,1.555519555543924,-15.721685484547834,-57.36513358898992,-78.25218737378054,235.59996399998815,582.5999999999999,0.3402061855670103,0.2123995407577497,3.7534639151080977,-0.0654359977948956,3.6439829772514543,15256,6
2765.222229111092,1.1111179999807064,1.170682719339311,-4.31800077396565,-50.861035266235376,59.22222911109202,205.0,0.5876288659793815,0.5229885057471264,1.3553491273693563,0.0101780200284768,0.6610374804002921,15258,6
2803.666645333338,3.999978666671268,9.615098941585074,12.757659158222395,57.67638222996083,207.66664533333775,308.0,0.6185567010309279,0.5276497695852534,3.898140133893625,-0.0585538721331918,2.460634637922147,15259,6
2737.0000399998607,-37.899960000139345,-50.479551836873725,-5.4770767049449205,130.41292463503623,325.00003999986075,738.75,0.2653061224489796,0.5240274599542334,12.571607776433154,-0.024549324043319,17.017049767905018,15260,6
2671.9999359998874,3.374935999887384,8.039935999887348,-25.119653977333655,-54.42825274934012,115.54993599988757,349.5500000000002,0.63,0.388382687927107,5.12507059048461,-0.0572621848270771,4.273719365105212,15261,6
2681.4999926666605,-0.5000073333394539,-2.697924000005969,-25.749432620695643,-19.16694982403033,57.499992666660546,150.0,0.4166666666666667,0.2977011494252873,0.761664612294256,0.0092817238301811,1.7035860540372805,15262,6
2543.333334,0.0333339999997406,1.2395839999999223,-5.5344820919540325,-88.7345710567597,8.333333999999923,68.0,0.7708333333333334,0.5091954022988506,0.1972987363851694,-0.0034435057545469,0.6275584373613982,15264,6
2531.167008666146,-3.9441024449652105,1.6721633053211915,-17.560788335007146,-81.13476892790095,58.1670086661461,262.8499999999999,0.3608247422680412,0.4890426758938869,3.0446835925426723,0.0340873878759983,3.438978229493963,15265,6
2592.333336666683,-0.7916633333170466,-0.251769716295712,-0.8298817241216057,-19.446336617022553,17.333336666682953,60.0,0.5425531914893617,0.5551724137931034,0.605768820884681,0.0014970986196846,0.4468439200106695,15266,6
2793.1104782220727,-7.778410666815944,-25.22972796349404,13.850157121155462,32.09892587550257,121.11047822207274,296.0,0.3298969072164948,0.6444954128440367,10.393809860547648,0.0873742309841221,7.412495092425125,15267,6
2976.61117688887,8.833399111092149,14.992620187838838,-6.338306463598656,-18.650496664849015,211.61117688887,613.5,0.5979381443298969,0.5086107921928817,5.25956889985822,0.0550633682867727,2.380390949669365,15269,6
2604.1111008889015,-0.7777879999871402,0.0904823322007359,2.9317905440739196,1.4525995969120231,31.111100888901547,52.0,0.5567010309278351,0.6367816091954023,0.6249510033360595,0.0101802615539778,0.6994697741897988,15271,6
2574.666685000001,0.9166850000010528,-10.333314999998947,-52.639600714284825,-118.1199844095854,72.66668500000105,356.0,0.1958762886597938,0.2274285714285714,1.0954942164278334,0.0176136791902909,3.5098254141580862,15273,6
2996.66664266659,1.6666426665906329,-27.580780013821823,-47.550598712719875,-106.54834542987965,144.66664266659063,469.0,0.2371134020618556,0.328735632183908,4.601572256386163,-0.0399951454345699,6.121978160682666,15276,6
2562.0000393333203,3.0000393333202737,-17.60200148300646,-34.55105136702423,-38.85897469308247,50.000039333320274,198.0,0.5510204081632653,0.5258323765786452,4.452951204746727,-0.0738372630980152,4.607266182312403,15277,6
3061.1110402222102,6.888817999988078,-39.74610263493241,-71.22765093737644,298.9961593312132,353.11104022221025,881.7999999999997,0.4795918367346938,0.5223880597014925,15.299520066375232,0.2596534907099796,8.655752022908334,15278,6
2611.8884284444775,-16.11157155552246,-38.87445815346064,11.954942205945372,2.275651525363628,158.88842844447754,345.0,0.2061855670103092,0.5630733944954128,5.373121041711466,0.0135149999157791,9.935703930499486,15279,6
2679.5000169999716,6.125016999971649,-1.09998300002826,-7.030006094716555,-47.95970550986476,80.50001699997165,205.0,0.5,0.3995381062355658,3.9370526889017743,-0.0233010940506941,2.399243027773344,15282,6
2145.9166869999926,-0.7083130000073652,-0.6225286862818393,8.124539193987857,-87.4211032155963,163.66668699999263,389.75,0.4705882352941176,0.5496535796766744,3.0249883100741872,-0.0517304288926395,1.615896799782075,15284,6
3003.6667133333285,-7.7082866666714835,-20.70562709220349,12.86256586789068,110.55962965478648,377.8167133333286,595.3000000000002,0.3085106382978723,0.5391705069124424,5.371377979499197,0.0936104391154016,6.0823671343367405,15285,6
2818.333374666596,9.833374666596228,-1.0624586667372569,9.002729505305979,160.44752424190165,310.9833746665963,397.6500000000001,0.5104166666666666,0.4654377880184331,6.357854260543828,-0.0523768833452497,3.5787628158861695,15286,6
2496.166681999991,-12.533318000008876,-39.91665133334254,-91.35981569586149,-260.7614016092807,120.16668199999094,565.0,0.3645833333333333,0.2649769585253456,6.348661072878377,0.0949346711710062,7.947987450371881,15287,6
2759.9999959999914,-0.1250040000086301,-2.6862785098123823,-3.6313404055385945,-47.106023859338165,53.99999599999137,150.0,0.4411764705882353,0.478110599078341,1.7776169944786913,0.0206512061632931,1.3237978021101455,15289,6
2659.333333666677,-5.066666333323155,-49.979166333323064,-137.31067554991296,39.782091430652144,211.78333366667675,651.8999999999996,0.3229166666666667,0.282258064516129,3.0590115302781977,-0.0361802716682634,7.353787667086212,15292,6
2899.9999960000114,-4.111115111099934,-8.896911216483659,-14.888637754293995,-107.14868480702444,116.99999600001138,381.8000000000002,0.3917525773195876,0.4557979334098737,2.097419056612432,0.0278289968923008,2.9577194099278996,15293,6
2852.0000020000016,1.2500020000015866,-9.163041478259402,-43.88761267889731,-18.5967087985091,200.05000200000177,525.0500000000002,0.3804347826086957,0.3016055045871559,4.769768462775358,-0.0241704145863083,4.05232222071198,15294,6
2540.4888879999967,-17.177778666669838,-80.61637515789789,-92.94050350402176,-10.911795159096528,278.4888879999967,837.0,0.1052631578947368,0.2755453501722158,7.5679422634600515,0.1263653248679558,12.393962408205688,15295,6
2825.3332826666738,-3.0417173333262326,-15.031300666659718,-98.32570350844162,-79.29541892785937,104.5332826666736,660.1999999999998,0.4375,0.1509216589861751,3.824167032836172,0.0596046582182544,5.531623207798333,15298,6
2828.3333506666913,0.4762078095486686,-20.57191249120342,-119.35357593881326,-74.25461037765172,117.33335066669132,688.6999999999998,0.3263157894736842,0.1685779816513761,1.662692515626463,-0.0080814151487452,5.841019651028155,15300,6
2379.4721947777507,-6.861138555582784,-34.435021717094514,-132.90338125911558,-127.36901583584812,142.92219477775052,667.4499999999998,0.2061855670103092,0.2615207373271889,1.178788750915692,9.963595408789448e-05,7.960826935064787,15301,6
2573.333333333334,-0.2666666666659694,-0.8299319727884722,-1.7057471264361084,-88.64133581472242,4.33333333333394,81.0,0.3877551020408163,0.4712643678160919,0.0686256799937951,-0.0011977437809327,0.265797184951966,15304,6
2577.11111422222,-2.5555524444466755,-3.909504334480971,-1.7233685364008124,-23.765218179725707,7.11111422221984,38.0,0.6185567010309279,0.542528735632184,1.58026632995899,0.0002993183850015,1.0516643736013866,15306,6
2404.1667333332707,-0.2777111111736303,5.785290034301852,-18.721127938405516,-171.98342210714372,207.1667333332707,667.0,0.5463917525773195,0.4705202312138728,7.682213073243776,0.032048726611655,5.47911029544178,15307,6
2545.083331666673,-0.0416683333269247,3.62254735294755,9.826419224276831,-18.035887986506168,28.083331666673075,36.0,0.6666666666666666,0.8433179723502304,0.2348863806750859,-0.0014971739083955,0.0993460902856365,15308,6
2759.8889177778055,-2.2221933333057677,-29.662102630357825,-72.45970607540539,163.69351429434664,280.88891777780555,475.0,0.4795918367346938,0.2649082568807339,6.761614937003206,-0.0445040540142559,6.902764500659236,15310,6
2706.5000399999467,6.125039999946694,23.372380425478696,20.88905601825354,65.44418729474182,127.5000399999467,162.0,0.9361702127659576,0.7963386727688787,2.341360486434265,0.0314147149596064,2.04129519773699,15311,6
2585.8333486667184,0.1666820000518782,-3.805826591013556,-32.711057330974654,-126.74478279256208,16.833348666718393,266.0,0.6185567010309279,0.6147635524798154,2.2822600202060284,0.0011967969500966,1.9805056858367576,15312,6
2551.0277442222255,4.916633111114152,-49.18875062313555,-96.22887257869525,-2.220210205532112,274.42774422222556,822.4000000000001,0.2474226804123711,0.3003452243958573,1.3211962227287013,-0.0229503771882043,8.4011591221646,15313,6
2703.416708999994,7.916708999994171,46.11278743136654,20.53076429953353,-26.158213600625004,122.41670899999416,391.8499999999999,0.7549019607843137,0.6347926267281107,6.210193499900914,0.0616197248657501,2.7660093282946447,15314,6
2571.6666686666676,-0.233331333332444,-0.6292497006793383,-1.857469264366955,-25.31087686313367,3.666668666667647,18.0,0.2551020408163265,0.3034482758620689,0.2906046717114447,0.0041920595052472,0.3327697462418774,15315,6
2589.555555777768,0.3333335555457779,0.0400918602422279,-8.800766061312515,-101.76470092443697,17.55555577776795,128.0,0.5360824742268041,0.4390804597701149,0.8735817440975006,-0.0053892405782098,0.735235900326013,15316,6
2627.0000353333735,-1.6666313332930258,-45.040780993157114,-89.71638257707446,-112.05340529388332,52.00003533337349,289.0,0.2040816326530612,0.1125143513203214,3.198727046165649,-0.0278046043210089,5.981458905485562,15317,6
2756.666637333242,-2.55558488898032,-13.498311120366452,-15.31501404290475,-135.78507220089705,168.66663733324185,572.0,0.422680412371134,0.5229357798165137,6.628633877380113,-0.0527452009654765,5.941140568354489,15318,6
2638.6666599999994,0.4166599999994105,0.911758039214874,-4.331035852535024,-45.3135421035272,19.66665999999941,69.65000000000009,0.7450980392156863,0.5414746543778802,0.6474870871391571,-0.0110784768926124,0.773636089082792,15333,6
2922.610574222203,-5.167203555574815,-10.183240210786607,-50.88254504385213,55.0361940569137,198.610574222203,575.0,0.4845360824742268,0.4529816513761467,12.452544905193616,-0.1368394598378851,7.135532686101543,15334,6
2541.999994000006,0.6666606666726693,2.536076474233141,7.255994000006012,-20.339323032904304,18.99999400000615,28.0,0.6082474226804123,0.7222857142857143,0.342056323275709,0.0035931878530737,0.0777463063973646,15337,6
2335.333315999969,-0.8666840000310003,-0.3605615510514326,8.941114165106228,-33.65986863447961,121.33331599996882,210.0,0.4489795918367347,0.5584862385321101,3.388732305096079,-0.0254076270236137,3.3099995982824817,15338,6
2562.5000060000175,-0.4999939999825074,3.900006000017584,2.8126496781783317,-84.96132623343283,26.500006000017493,152.0,0.67,0.6724137931034483,2.2510989745148775,-0.0332118563403662,1.434331898451268,15341,6
2567.444467555556,1.6666897777781742,-7.739205913831938,-45.116312260957784,-63.242227281092255,63.444467555556,414.0,0.4693877551020408,0.5149082568807339,2.4732960952893897,-0.0148581465197347,3.1483832730934997,15344,6
2820.333348000024,-5.809509142833122,-8.782441473660128,-10.901743743095269,-23.024725185834996,140.33334800002422,390.0,0.4105263157894737,0.5068807339449541,3.3423975294000137,0.056198441099318,3.0135590061627497,15345,6
2533.500001999991,3.7500019999911274,8.250001999991127,0.9908065976924264,-64.55970103156187,13.500001999991127,49.0,0.82,0.4873563218390804,1.505662077396675,0.0251440249120452,0.34061126436241,15347,6
3055.7222424444262,5.6111313333149155,-27.50456167928496,-125.58730876385926,-203.8980474106461,59.72224244442623,622.0,0.4432989690721649,0.3406214039125431,5.164696491025059,0.0053680107241833,6.033072253834355,15354,6
2553.750004999981,-1.9166616666857408,-13.22916166668574,-136.3413192009325,-132.40633505765618,109.75000499998076,594.0,0.375,0.2123287671232876,2.8861359055899145,-0.035886903303001,6.3742022341161935,15355,6
3353.9999819999184,2.7499819999184183,-28.00001800008158,-20.90712809182469,191.04252640305776,357.9999819999184,588.8499999999999,0.4021739130434782,0.4174311926605504,13.392998256157744,0.2088574629883519,7.7596846420529,15358,6
2504.0,-0.1111111111113132,-0.5876288659792408,-6.07305936073044,-170.41940467607355,0.0,157.69999999999982,0.0,0.0045662100456621,0.0486657062221397,-0.0,0.3578050875459678,15360,6
2622.8333360000047,0.055558222226864,-8.321303175252979,-18.13698363469848,-50.49460881053892,6.833336000004692,140.0,0.2474226804123711,0.3755707762557078,0.5933370030644184,-0.0099807112660553,1.4805556868470893,15361,6
2940.499644000001,26.916310666667417,100.1350606666674,129.2953061004573,243.41153600329835,383.4996440000009,467.0,0.9791666666666666,0.8162100456621004,5.865316311687832,-0.0732766975892015,4.211863720046232,15363,6
2663.7777802222045,-0.2222197777955443,-1.4722197777955444,-12.01532322607136,-14.031522103377029,49.777780222204456,137.0,0.4270833333333333,0.3988505747126437,0.6943088325935742,0.0050900538479881,1.3817716839662186,15367,6
2750.9999880000287,-1.1999971320619808e-05,-9.083345333304806,-44.095634119787064,-127.59852193374628,109.99998800002868,381.3499999999999,0.3125,0.2926267281105991,1.3930886462048069,-0.0032928161288735,2.6082038262974274,15369,6
2448.666661999992,0.7777731111032153,13.15119808246618,110.79799840552188,228.0393044870384,411.6666619999919,419.0,0.7525773195876289,0.956221198156682,0.9465374740371773,-0.0056885660951428,0.4123303673490965,15371,6
2547.7777782222247,2.0000004444468686,6.520046263461609,6.196356203875894,-28.23708859586304,23.777778222224697,74.0,0.9278350515463918,0.8428899082568807,0.7456546777608758,0.0123756756663849,0.1255058980781752,15372,6
2658.2222137777335,-0.4444528889330286,-0.3860336449470196,-11.66603507019272,-117.76017876499054,77.22221377773349,312.5499999999997,0.5154639175257731,0.4711981566820276,2.040207298495134,-0.0055859433351025,1.2130863399393146,15373,6
2820.9999900001494,2.8888788890380965,-26.649494535933172,-130.4977111492758,-83.38767428630399,245.9999900001494,670.0,0.4329896907216495,0.2183908045977011,9.936569943516124,0.0939893015911179,8.698712710673306,15374,6
2538.7786862238872,-1.776869331668422,-28.30294642917397,-35.985345849423084,41.487393076025455,176.77868622388723,716.3000000000002,0.5102040816326531,0.579610538373425,9.76553338210224,-0.0152491587131117,6.835846471829921,15376,6
2379.333231999986,-0.7778791111254577,-24.023910857156807,-92.17136570116372,-219.95214267701655,41.333231999985856,434.0,0.3265306122448979,0.1137931034482758,2.2435149145202433,-0.0239364158448673,4.752541211492363,15378,6
2665.6388744445057,3.6388744445057455,-4.278651328690103,-50.10683002284805,-16.99770488291324,117.63887444450576,927.0000000000008,0.4948453608247423,0.4902634593356242,4.9059332869304475,-0.0739883316857079,3.373342797963903,15390,6
2566.805154777659,-4.417067444563145,-16.75154625326877,-40.77760384303065,-79.7148948296167,26.805154777659027,166.0,0.268041237113402,0.2241379310344827,4.064586558010169,-0.0043805493886809,3.893778385939654,15391,6
2475.499993999966,5.8749939999661365,39.22448379588468,27.288984825654097,-63.1672224948793,140.49999399996614,331.5,0.9081632653061223,0.6892201834862385,0.6414667852617353,0.0089826529642387,0.6658571953304084,15393,6
2849.6666400000126,1.380925714298428,-7.859675789461107,36.048791029761105,92.31282556702308,216.66664000001265,339.6999999999998,0.5789473684210527,0.7608695652173914,3.5852017193440635,-0.0433333951247138,3.138216273126181,15394,6
2802.000022000015,-1.4166446666513366,-3.5651953912893077,4.535572458730712,-8.909792049571479,153.05002200001536,356.0500000000002,0.4565217391304347,0.555045871559633,3.273599575544358,0.0457391465194942,2.090699137934052,15395,6
2573.1111108888904,0.11111088889038,-0.2358278866199725,-1.063601754787669,-82.51756975993703,4.11111088889038,72.0,0.5612244897959183,0.5310344827586206,0.1312498703683818,-0.0010979349960757,0.1595674754150899,15396,6
2553.541453576305,-0.12882535435937825,-1.2628126271292786,-95.8114159575025,-120.67176830018161,48.651829552867184,459.8448730468749,0.538704128440367,0.4227053140096618,2.062612542236982,-0.02729205340405305,4.827738285205193,15001,1
2598.4780628070293,-0.9676251750711344,-11.593617301402901,-31.06861575163157,-52.65707909464754,13.754869447654528,176.46290283203143,0.2603448275862069,0.19948979591836735,6.233041921541204,-0.10834644352899782,3.9957723498275817,15003,1
2575.3968702049697,-0.7934837680327291,-5.8147876362991155,-16.033698947745506,-89.63740605963267,5.246479579969673,141.84083251953143,0.5981012658227848,0.4118116775265108,3.6739589875635827,0.024373840666579914,2.4588580149024324,15004,1
2309.5927979492426,-1.4993566381290293,-23.422783363913823,-127.40016931540231,-283.5752430974344,22.189257910180004,518.64453125,0.3409090909090909,0.0723953013278856,1.0333701796680765,-0.012562011444764702,5.5481220273983265,15005,1
2519.914991537621,-7.166744580357772,-27.55196842443638,-44.87787516364733,-60.32649210342697,8.794227377464722,206.61090087890625,0.21588302752293578,0.33270796235054695,3.1455740615743313,0.020580944390977206,5.162693396395324,15009,1
2551.142838460397,1.1274769159449534,-0.599096971423478,-12.78651163028644,-43.913914550988466,4.99264314789707,48.69385986328143,0.5735632183908046,0.261315823026903,2.7021738964964115,0.019261659727885853,1.9455090153658001,15010,1
2576.2581160878945,-1.2534033321016977,-7.205045336764215,-63.73364937823044,-162.77752929467943,8.60040124414445,412.14376220703116,0.43994252873563217,0.33973704365585905,0.6547953737667817,-0.008078814468740534,3.027986536913759,15011,1
2595.2413653357917,-1.0850978082453366,-5.724861106041317,-28.78873948245655,-146.11539267826447,20.91474180063551,267.4782470703126,0.3896551724137931,0.2937444203545466,5.327587282801886,-0.01377690762844239,3.637682432441874,15014,1
2456.0490854117525,-15.051176035043227,-35.57030643142798,-56.182603450383795,-117.340425708373,63.76047457190862,268.0201904296873,0.2095292766934558,0.18148808765447827,18.408445648354466,-0.1878743364581714,13.423857601496591,15019,1
2529.6779278412996,-4.680231863753761,-18.38142639834814,-54.77469669215088,-114.69400976298857,18.298215927236924,394.67333984375,0.12614678899082568,0.06501144455747711,4.307551003275871,-0.07258682850656703,6.5565426329479095,15024,1
2562.504323688477,2.484707452816565,6.1458951888853335,-8.983053623624983,-84.14673068561979,24.263308063477325,190.90144042968768,0.8963834672789897,0.5488084618325475,1.2066852664061019,0.02044693433960424,1.2130872568589615,15025,1
2553.8544284819286,0.6023540592132122,-0.29119789714377475,-64.42950634157842,-140.37041579071956,21.00448951708495,601.8830078125002,0.6423650975889782,0.48174461577672995,1.1863456603402693,0.019274913832607685,2.6876125936337347,15026,1
2452.7252807617538,-12.716731976824121,-13.817087377081862,-16.70072875739652,-78.95642462628575,127.66625976566002,366.6009277343751,0.34443168771526983,0.38406628425748884,4.315527279905391,0.04453715422060891,8.794812179827485,15027,1
2461.9437469638815,-1.3668539929026338,-0.08044115654911366,-60.90745329898573,-139.63961190682903,9.060311905287563,392.6597290039058,0.5900229357798165,0.2948563072227874,3.7024651185389352,-0.06456164891770634,3.525101420624758,15029,1
2574.6278083749967,0.5732437179062799,0.7837647046931124,-1.7996728987322967,-47.45093912626544,4.1644172617152435,35.95570068359348,0.6847701149425287,0.5154655612244898,0.5359453563567237,0.0029737922870059254,0.6141353237736911,15030,1
2373.089400280882,0.1850980653057377,1.1096931404404131,-4.465765149376693,-177.5184276652485,11.034712780881819,219.5067749023433,0.6803325688073395,0.6614543605390287,6.6138797457858,-0.10644418189460969,4.309911314682565,15031,1
2717.1462601727703,4.733028987050602,17.02401377033675,-75.98665492701593,-218.73818036276816,103.84518595402051,573.7992431640623,0.6902298850574713,0.29582270408163264,5.061307247040369,-0.07727570294957076,5.321013373229638,15033,1
2545.716256293457,-1.1762445718518393,0.8413573413272388,-1.271949368465357,-30.846122257330535,20.411556586425377,85.92277832031232,0.4664179104477612,0.5567095705365108,0.5697140499636066,-0.008292519855835095,1.5553678604435728,15036,1
2768.174990932717,-5.740554953359151,-36.143705712325755,-50.27963206929371,-115.73038710246738,172.27513741709163,646.2807373046871,0.32233065442020664,0.43937173442079774,10.257864961822309,-0.1725413613997438,8.72918287820322,15037,1
2628.2053183262447,1.1097156388436815,-38.43383017081533,-94.16666997928542,35.12430144013979,209.10777193952572,642.4106201171876,0.22353279631760645,0.18777962418509522,2.566926892580369,0.04419607399854031,6.822499274395848,15038,1
2585.74060567196,3.331170254881272,9.51114839179354,12.361822255893912,-24.448634872213916,17.99036153133511,57.17352294921875,0.9789988492520139,0.9599770202987361,0.31340014665431604,0.0022326735576504615,0.7148228269479383,15049,1
2574.1423890031156,2.6133231345929744,-0.779599578399484,-7.677581572349936,-66.00238297034821,16.708245936709318,67.29193115234375,0.5155172413793103,0.32632954980232115,7.791621559877248,0.03561745108081627,3.7816332455692248,15051,1
2634.5845209034064,0.2748926461376868,24.45604098748072,-4.237574568873242,-95.86276575882266,202.75737246590643,685.8777709960937,0.7497126436781609,0.5887641882412957,10.200450234755449,0.06478783519718696,6.891376669698241,15053,1
2605.712459504328,-0.5509218742322446,-0.24909438753775248,-3.974332629692981,-39.69733238889967,29.16520608635892,116.72454833984375,0.463463751438435,0.4901046986721144,1.3532460097914847,-0.011524925146620355,1.228170745830109,15056,1
2872.324816324152,5.359628768524999,32.28664423587952,0.3736263277587568,-117.45139141727941,245.71102237883952,683.2746215820316,0.6477011494252873,0.5243272541767632,16.361884247929193,-0.20858421489295256,8.77552249540921,15057,1
4012.3301946631536,3.4334854624516993,-2.024214083879542,40.56254162073583,535.0256342257007,535.5959417334661,829.3973388671875,0.5316455696202531,0.6212305136723741,8.136997807413971,0.06905573021466706,7.075339834342699,15062,1
2606.892999556141,-0.3750220394877033,3.37384939001322,6.202866948954579,7.067092377074005,31.6948184037974,47.69534912109384,0.7586206896551724,0.727777069251371,0.417826199045829,0.0032277843709429587,1.0550030846369587,15063,1
2641.8817127148186,-7.764645726884282,-19.17614805270796,-29.497602210093646,-89.0468205926345,45.909971992162355,214.11505126953125,0.18628013777267508,0.2229764181007011,5.893412458284701,-0.030732694301788543,5.751260985564144,15066,1
2917.8319049169095,-2.6062139332188963,-1.5002523930866118,-8.498428538493954,160.48650816495228,246.54422181144082,429.41273193359393,0.5315366972477065,0.5050890585241731,5.020905019107699,-0.07867314599308549,4.522175131347388,15070,1
2694.3841880615855,-10.661092298382755,-14.064480532074867,-39.8955645581118,-141.212858334045,36.99906843267945,358.04156494140625,0.20756880733944955,0.27401399491094147,5.52031567682521,0.05079702278598443,10.567160322772246,15071,1
2560.997619263663,-0.6153135451281742,0.4391842330992404,-25.841824436047773,-74.15238589466117,30.091857544913182,226.60418701171875,0.628300803673938,0.4181413112667091,0.3118382489904507,-0.004756834169249654,1.65167582227857,15072,1
2341.568865760249,19.468452111861097,6.0078562513781435,-10.536690452740913,-38.22692943630773,38.56886576024908,123.76373291015625,0.5373134328358209,0.34805732484076435,13.984637944482694,-0.014792318305095394,4.3451080555122,15073,1
2321.595139729986,-9.79480152174483,-26.95732289491525,-45.96619183610983,-102.44349829258454,26.604002034673613,342.80056152343786,0.11538461538461539,0.13725490196078433,3.264104382793084,0.03499971611590943,6.0596316728796875,15074,1
2346.673799278482,-22.805927778480054,-49.37777795124248,-58.10784327369856,-51.87815719671289,53.983345176919556,224.37498779296902,0.08065442020665901,0.13124362895005096,11.937340570048791,0.02243665150993771,12.281328407715908,15075,1
2560.148430761734,-13.952778661476259,-47.131009556394474,-68.09809483492154,-98.38791499712215,18.665691503921153,240.47849121093714,0.03559127439724455,0.07502546473134708,1.5387617970064866,0.023190674572547827,6.824846456446666,15076,1
2372.6648695474923,-16.16429459535766,-41.99972816768832,-52.17081206567036,-145.08724696691206,73.38342423499216,334.90740966796875,0.20086206896551725,0.22184670322662925,7.267736417395441,0.0009861694514837148,10.763165278343868,15077,1
2714.7697672548643,7.725972598762837,15.820390947368196,-12.818559502960852,-29.32206369556934,105.31333414939536,328.92174072265607,0.8985091743119266,0.5348423194303153,4.987637214234948,-0.01860979946455985,3.564124837068383,15078,1
2389.44286600126,-2.963218935110035,-71.84838074539812,-119.846505228762,-173.95239998185662,23.375580845010063,426.8782470703127,0.3930619266055046,0.226255562619199,14.325734852482418,0.08819630574996906,9.248879703577437,15079,1
2258.9411039780143,-2.956148358318842,-3.966672251266118,-11.288107276821847,-64.38419091462674,9.606594700670485,146.1307983398433,0.19804822043628015,0.2848185868873329,2.652774912926464,-0.001326270711384777,2.710878137376987,15081,1
2661.7307128906414,-10.016969318614883,-44.27358399835748,-54.55886571500287,-80.31761721012526,44.67059326173512,367.39263916015625,0.24283256880733944,0.4413148524923703,3.757610401214444,0.05457588682106735,7.0121726107162665,15084,1
2576.6657710557665,-9.407621788132019,-15.222516879369778,-29.04709787821821,-12.175634185502531,38.10406451279778,205.68798828125,0.236796785304248,0.2204588910133843,8.214039880312287,-0.11864312457959117,9.98174116670971,15085,1
2593.6125585147365,8.237374636670665,21.814451809867023,14.740562533642787,-7.1599361943308395,36.98349357333018,88.38397216796875,0.9529276693455798,0.847100063734863,1.6255065107475168,-0.00849419949551146,1.3685449119469066,15086,1
2584.9637730136265,-6.696940278749025,-18.897162482234307,-45.76663811234812,-73.05203186812469,39.2118809237827,282.60443115234375,0.384902411021814,0.35824315722469763,4.3561769014535185,0.01909171750162701,3.8086994264902376,15087,1
2598.6610065722502,-4.911813777334373,-50.02957644061917,-133.40256580460573,-350.61550636053653,84.68786204100024,569.5114868164064,0.09464902186421174,0.11463523700012776,1.2766995555532068,-0.02088576965901038,7.626646452123035,15088,1
2768.2750322421152,0.8328394884561021,3.234803542190548,1.342023885729759,-47.57846178780392,64.38428517180273,175.455810546875,0.6418296892980437,0.5481616238988893,0.8062103410647152,0.010218140392828296,0.7898617236598338,15089,1
2637.5811149567407,-8.329310156985684,-28.197846540236696,-105.40860841305539,-157.1288159163587,75.312133023147,545.8612060546875,0.28300803673938,0.24420455992867152,2.1528313664387926,0.008412158707339181,5.645197331551804,15093,1
2743.9872601329403,-6.25491964109051,-70.44898034249218,-125.99310731192645,-111.00806557791702,162.000626832159,681.262451171875,0.3076923076923077,0.25121096239643087,23.775607484988484,0.17209779393817629,16.164429405757488,15095,1
2676.154169937333,-4.177617944639223,-14.711915986712938,-38.42502576571769,-106.30727304263473,22.405952163895563,225.2725463867191,0.0809414466130884,0.18993506493506493,0.31377774704702055,-0.0054622762596548075,2.542389173032556,15102,1
2458.461447865223,-18.50908374326218,-73.09828686422907,-78.78309156056957,-158.036170677452,6.650656849597908,377.25714111328125,0.18520642201834864,0.11911876907426246,8.754063435045813,0.11127829574682302,11.211869615139292,15104,1
2576.088665576507,-0.863127466412152,-6.586062694134398,-37.54148490627131,-105.00589539467319,5.811321826507083,326.7602783203124,0.3739930955120829,0.345131612573473,3.0905253893083184,0.027437159331170177,2.7180486341232832,15105,1
2832.7791495946713,1.384853986730377,-2.261448325362835,-9.797076482726425,-48.7131274456724,151.4619743017024,401.84722900390625,0.4885057471264368,0.48222491702833803,4.883810432029139,-0.041035095952730576,3.219607866266682,15108,1
2705.0454196484243,-12.078659416053597,-1.806816831062406,3.4439936398571263,17.00919545396846,158.29903292967447,305.2724121093752,0.4423076923076923,0.5070373200866132,18.14859078269427,0.15766290720826714,11.110935864191841,15109,1
2982.4572156178538,-14.876921731335187,-39.24796530688718,-46.35066887065523,15.852515742787546,342.8809827076975,813.9692993164062,0.29133180252583235,0.45454255861365955,20.61263652015232,-0.31372002353236034,12.507824642964225,15111,1
2682.312736132517,-5.279242302758121,3.523817005570436,17.981554277433588,-21.330857811509304,136.9069011715792,445.37288818359366,0.4796211251435132,0.537555697008275,4.149646178307098,0.06583855571841282,4.123850791544092,15112,1
2631.2973610312565,-1.3796919132646508,0.014671823676962958,-8.904270411736434,-60.50702772857767,60.895322457037764,232.994384765625,0.5350978135788262,0.5239113778572341,0.7669282106260777,0.00022498139103885762,1.6537013404308387,15113,1
2789.9366585887074,-3.1274198267892643,-2.0573507161057023,-35.55535233947148,-131.26863657414606,187.9406258738636,565.826916503906,0.5034443168771527,0.4579775710462597,15.020258859067551,-0.21924711950314785,9.612958186203631,15114,1
2375.3775472437164,1.859661654116735,-3.2497590032598964,-87.48567194676116,-207.17808157257878,10.287703493716435,493.2930175781248,0.5756880733944955,0.29602670057215513,2.0045657868799442,-0.002186884013234833,4.804889447575697,15117,1
2674.4687610390724,-1.264930212658328,6.935906816532679,1.3106301837428873,-39.515925922129554,95.43109014063475,272.7244995117185,0.6036165327210103,0.568451242829828,3.393386210050269,-0.041443420637161825,2.8603151128589595,15119,1
2862.618416668158,10.102309567683278,29.042481769702135,110.30517777309342,41.02050327716597,270.3745201837828,359.5828124999998,0.713463751438435,0.8691541017122413,2.9562140847032596,0.03808225017033893,1.3711081115360546,15122,1
2722.666787928976,1.544368402670898,1.6704459646584837,-3.2684366978528487,-20.095422059139764,47.97519857350744,124.3533935546875,0.5842922899884925,0.4925954295927486,1.1208835131856778,0.008120086782894685,2.2147087806505095,15126,1
2600.8572732452053,6.897755778334158,11.021817586966336,-22.730927360454643,-104.78517969263248,49.564658499111374,335.9413574218747,0.8256880733944955,0.46369070329390816,1.4275422387856291,0.023983485086132076,1.596741417013512,15128,1
2579.7558162068767,9.328261074360853,9.45496957208843,-21.288305640470753,-6.141623607221391,110.8589412068768,282.8487426757815,0.65,0.4094387755102041,5.247984869836291,-0.07337912858362784,3.547428641589603,15131,1
2531.4707728263684,-15.75177139707921,-51.81246337394032,-67.2166793167853,-100.11343797490144,43.929329955274625,244.79327392578125,0.10964408725602756,0.10350095480585614,3.4925888688786104,0.011164949777110744,8.503860617875297,15132,1
2564.9893631599316,5.050875781074865,-4.482411307449183,-22.767888545037295,-76.34834611409133,17.01518103102535,129.12077636718732,0.4583333333333333,0.371350248629351,8.436541188568023,0.1185550162208828,4.801640982348104,15133,1
2546.1836987208508,1.9642580192089554,10.243919841702791,-12.75814326054251,-35.3171848293041,34.87282225600711,205.97160644531277,0.667144495412844,0.5723416433477486,7.527700777389225,-0.06860166883281103,4.020502230305986,15139,1
2373.5784430469257,5.991763853887733,-29.893639612916104,-43.4263150478223,-142.35339991534875,167.66175603520696,514.6455688476562,0.37298850574712644,0.33641640620016583,19.331305382508845,-0.19112976636665524,11.28313746438609,15140,1
2704.9783349341196,-1.5388638457952766,-10.939108437574305,-41.30318973184876,-137.18275519586632,19.104445773963562,301.4037597656252,0.10235091743119266,0.05575699745547074,0.06908180106830154,0.0012001054517184165,2.8191310051205365,15142,1
2748.826643436365,-2.651174533621088,-4.743478188782774,142.74423035185555,207.09206006622344,379.1570267371462,398.51361083984375,0.41341743119266056,0.801500508646999,15.495476873558458,-0.1882807804447346,8.455898935855853,15146,1
2468.5035632561103,-13.007586862560402,-64.00376811848582,-100.28107323749464,-241.19012544463703,30.114232201422965,497.626220703125,0.06091954022988506,0.05373086734693878,0.7605721080263228,0.009537869186724465,8.925286742749268,15147,1
2567.427730643533,1.1973677393102662,-3.9739176140151358,-29.456116042992562,-76.01011694853742,32.69030388572037,257.66510009765625,0.6053386911595867,0.4393380012730745,1.6820301890304739,-0.023886130676736502,1.9346796123390897,15148,1
2845.391640087977,10.708254939143899,-5.715956403694236,-58.82619177667175,-61.8582492592559,238.80686225594582,615.5593872070312,0.5051724137931034,0.43125,6.406175682867117,0.04555619150331034,5.939125860425622,15149,1
2398.459507005293,-22.355561106850928,-52.50474783603522,-35.01946107479034,-21.264952391407405,94.76001970060543,257.8153076171875,0.13633754305396095,0.3231171148209507,13.499754648913143,-0.1089681675292572,12.595853403560833,15153,1
2547.2737379033297,-0.16396142667417735,0.8506889401005537,3.957150716031265,-27.469555190853953,20.242548938485925,40.53781738281259,0.5634328358208955,0.75528393175452,0.23264614644552015,0.003639733523071841,0.43320240628517875,15158,1
2763.080586029178,-22.064472904514787,4.02949518360947,105.86135802425542,93.30369200264931,193.09959237683415,198.1597900390625,0.5051724137931034,0.9321747448979592,9.859318373515066,0.0623368816445316,12.27434318192499,15160,1
2633.1367869854957,-1.477464646228782,-0.7361510938112588,-2.3715088478002144,-14.499027545629815,36.257697630026996,106.0543212890625,0.4697928653624856,0.5298416953912932,1.3044188776742924,0.015780048509592925,2.275581636278801,15164,1
3002.653758624082,-1.658179697961259,-0.3467488316186973,-15.462247452535394,78.90678852380961,198.1328846006445,492.20745849609375,0.5684695051783659,0.5252776713902719,4.996915762031629,-0.025803448948557926,4.590241420299881,15174,1
2570.93951571436,-0.6628541494155797,-3.807597371914653,-10.319929937984853,-72.04820882798913,0.8039566323286635,71.47393798828125,0.4450517836593786,0.3371758845318687,0.502701329900808,0.004531682275107529,0.9126116956323835,15176,1
2716.5638174578808,0.5198188361937355,-14.389128286345112,-57.28820886428548,45.84456922888694,164.086583571162,391.9069091796873,0.46244266055045874,0.34013735215566576,3.7606893331363036,-0.05557854060840257,5.634879360626251,15183,1
2637.837063676677,3.5235703295093117,3.740254429459128,5.419220541216873,-4.366405575005501,81.19277656730219,140.3836669921875,0.6465022935779816,0.6231893265565438,4.4401164471760275,-0.07689905131394208,1.9560722375782853,15187,1
2709.920552288204,-2.853884662479686,-1.995853835805974,5.169285331753599,73.19718724259337,230.3473833428916,544.6436889648439,0.5206422018348624,0.5443138500635324,8.361842926550064,-0.053042770092466045,3.7490596226321746,15194,1
2739.811373878959,-25.59720627333536,-67.19544501079054,-121.56881379025572,-67.07368942117546,229.22720639849013,611.8489257812498,0.33477011494252873,0.2454099196735943,19.24312160484754,0.039170522268088204,16.17535083797457,15197,1
2351.7209500670647,69.93530553581468,96.72336655238587,166.8205556273674,377.25074892367866,551.7182889342521,600.7149414062496,0.7768166089965398,0.757900460593654,12.991030950796372,-0.011611835785630433,5.455457103151321,15198,1
2923.0040102246217,-0.8648066822711371,3.9123218254217136,29.515460262815395,114.63231382668164,180.51583883790272,282.4727294921872,0.5700344431687715,0.7506371861858034,8.41296837779076,-0.12576230109335923,4.07981793064695,15199,1
2579.4777234550775,-1.7886355119912878,-4.964564507386513,-3.81019209617898,-39.629236943431806,11.444337224608716,63.71337890625,0.29511494252873566,0.5050376227522,0.6227083081999316,-0.008608045161840557,1.3603482277288426,15201,1
2635.1459395488137,-0.11955874529257926,-4.271932877888048,-16.268307770469164,-17.121122034738164,31.233708103501158,175.2022705078125,0.5494252873563218,0.529100191448628,1.3180945967554403,0.014541788322492205,1.8447505276261738,15203,1
2609.237725614254,2.8524253521891296,10.626896714738905,-2.025895330644744,-54.892578933919594,39.33213479394135,143.40308837890598,0.8954022988505748,0.5012436224489796,1.2624346627136775,-0.010323127332833765,1.0146015816685765,15205,1
2726.015502929557,10.721235444143531,17.96995474426103,-53.387451420463094,-18.695603614219635,156.31431884752556,412.5458496093747,0.6860665137614679,0.37288512911843275,8.546366273103876,0.07672310440762749,3.9934210318900134,15206,1
2797.6912757333853,-0.607897742435398,-0.3926085551961478,0.19524056373120402,-65.53159147552878,74.0137122568226,211.26129150390625,0.512945914844649,0.5419113891726252,1.1666469971994897,0.013395574492068319,0.7000965083607542,15207,1
2568.456628055682,2.4656272645424906,5.5179704198826585,-1.7940210460174058,-66.99975169439813,40.882897586931904,233.19390869140625,0.7637772675086107,0.6988224061107575,3.835747516097484,-0.05615952826875025,1.73750729577288,15208,1
2345.1215173119813,-14.066184335813432,-24.19153656452272,-25.056276121012615,-32.70326430455498,84.43466428463762,225.6073974609376,0.10057471264367816,0.33895549037112616,24.556784668932213,0.1266564381885976,14.981765273391346,15209,1
2703.7157490263667,-1.058308868955919,-4.238779992935179,-21.205570991680815,-27.72220124196292,51.412404299804166,148.43756103515625,0.3414844649021864,0.25153217568947905,0.8042152379514454,0.013890493294539586,1.731686690877943,15211,1
2928.4228271500606,3.014724462659615,28.35298811149687,4.874153644337184,-111.00256015774721,184.22598877115433,668.961181640625,0.7048331415420023,0.5802989651207359,8.501626951597387,0.1075588629056878,8.929160489136713,15222,1
2459.2902659931015,2.4826083698103503,6.451740028522181,4.619329426087461,-83.9978327744584,66.75113025091377,208.38254394531214,0.7818233944954128,0.6022120518688024,0.8056793732118508,-0.010780931443264872,0.9375971701008532,15225,1
2693.187910605464,-2.7985419076394464,-8.982598916861207,-26.609131454079034,-112.68089259718226,24.188765097651412,196.94572753906232,0.41704936854190583,0.3103107884345943,5.492166515686263,0.0794261509403848,3.1580511879634248,15227,1
2776.4326963077738,-6.994664902916611,-32.41973880532305,-96.96315711064426,-165.74439733782947,50.54507423746145,603.6802856445315,0.19275028768699654,0.18837848198313314,4.046065997733101,-0.012400362430272503,6.435807408455485,15228,1
3435.020647946718,-0.1925038160393342,15.832619982080814,23.932283999147785,105.18951833989559,314.56677831781144,613.3513671874998,0.6251438434982739,0.6005427841634738,11.231815454585313,-0.09040132771725397,6.325674098643251,15229,1
3051.98683229004,1.0631656377954641,27.034627932844614,-29.572628173172234,64.10970185857968,203.1704504541026,512.1115112304688,0.7626291618828932,0.43895682078716086,2.068844234612101,0.0342768307980427,3.8069539342080096,15230,1
3319.3070008359014,-1.3456944456947895,-27.944923768652643,-23.461876742746426,195.11333827344833,340.48339243746386,553.8592529296875,0.3513203214695752,0.36797323135755255,19.727674339349285,0.3250567439553561,12.044872904644956,15231,1
2754.6538413804037,-1.042382011358768,-19.62561640546255,-87.85323120286012,-188.56674351878019,43.64187848977872,603.4485229492188,0.37082853855005754,0.24153462816253513,4.651869180718863,0.0026809617973347208,4.610273422491422,15232,1
2954.4125498401486,18.56829456176638,97.04840540868508,88.18397881771534,182.96867941307664,315.32108255499224,369.2743164062499,0.8808840413318025,0.8518601095680979,29.43439383887632,0.2500597683535293,10.431893050213704,15233,1
2702.5734284326427,5.70654765361769,14.33416522438256,12.809713416796058,21.62609033167837,139.7091706201427,405.014892578125,0.6900114810562572,0.6062141491395794,3.930359876047767,-0.068517408124303,2.39016455308694,15236,1
2316.075725651272,10.5273626296148,-16.227662621662148,-60.984074695811614,-203.1600420748664,276.2557732586938,789.1963806152344,0.4554085155350978,0.3798734500830883,24.4011620636045,-0.36159675404679426,11.109513844104118,15237,1
2612.405615234342,-1.0198909711566557,-4.9910125137116665,-13.4214653448239,20.304166746248484,67.44083251949814,210.54107666015625,0.4744546498277842,0.5638623326959847,5.55371542208245,-0.08821542845961376,2.9639322070375966,15238,1
2620.895407660133,-9.613371358606855,-24.48699069776194,-58.43916211021178,-161.1253868775134,36.08948724997663,289.9453125,0.17049368541905854,0.08014125731738356,2.232333386071016,-0.03634404829590776,6.977467190269953,15239,1
2739.0949568669857,-5.665423745158023,-2.8448775697097517,-69.38897336251512,-143.3944650629387,124.78939046073583,483.7529296875,0.5549482163406214,0.3157104523383593,3.29212088871342,0.05191043150325514,5.654977535381932,15240,1
2968.3883419257772,21.86301001814263,42.73544970220382,-4.71919158464334,-76.72235485268357,254.08116419140242,822.6824707031251,0.8650747986191024,0.5648621041879469,5.5047395086997835,-0.09031872663289153,3.168643322971124,15242,1
2438.5968503940353,-11.541105080818397,-17.138257587795124,-63.83284812566217,-76.72329133551648,51.33511943700387,380.4236572265622,0.3853211009174312,0.1759376986649714,0.740016095968836,-0.007303464408314034,5.46213312386736,15243,1
2849.555670273213,-16.91036671409165,-46.73663037980714,-42.71689345462528,116.07212686386401,125.36892710915026,417.4635009765625,0.10693807339449542,0.3364040660736976,17.40313014229099,-0.12899043215272357,13.012804641955888,15244,1
2634.4172454043087,0.2581228889803242,4.7113641630439815,-56.76592194579871,-26.33676246467121,112.83669120509012,491.58150634765616,0.5662270642201835,0.4905876367336556,5.484507401186266,0.09557010839574082,4.844437410681517,15245,1
2733.1457724038273,-17.38663417375392,-39.29501375421205,-38.883162710472334,-159.94558340578487,144.37660736476482,571.0768676757812,0.15413318025258324,0.41883365200764816,9.813839855363439,-0.1696825066132649,11.544440054317928,15246,1
2620.0349607178186,2.988929393649414,-3.5921833610282192,-60.4378898869013,-93.06323346018326,19.17987038578758,227.32495117187545,0.5651549942594719,0.23754935676983824,2.5461778923562775,0.04442414242314532,2.812640880270806,15247,1
2572.7056664668044,2.852318495334657,20.14322610207182,-2.353166245691682,-16.470526392050488,61.11655513867936,200.19215087890598,0.7955848623853211,0.5762528618672094,1.2584129434236504,-0.011861418018137159,2.734979797562117,15251,1
2619.449262410465,33.8743854078939,45.18620123861274,29.960414512510397,-55.389461833892256,261.64110811359024,633.1147094726566,0.8018433179723502,0.619979534407777,3.2542050048324485,-0.05458552440056002,2.1915873175727745,15254,1
2314.7377957147423,2.58883593922792,-14.595011061453988,-56.73837752414147,-77.47200050182073,239.40335967958617,589.651599121094,0.3418778801843318,0.21712714249168585,5.706543026396921,-0.0990358972712975,4.117698320052408,15256,1
2765.2181380488346,0.6068609152307545,1.1196016002404576,-4.424510556496443,-50.880896684311665,59.89914390820968,205.62275390625018,0.5745109321058688,0.5192798774259448,1.0240678069747655,0.010425569533674725,1.2739994209969252,15258,1
2803.909541016607,1.9736078431496935,9.433444296416837,13.252795217212224,58.06978006490044,207.78758056738798,308.30760498046857,0.6203917050691244,0.530154771041187,4.2234140419998125,-0.05524312972133446,3.4204438545445734,15259,1
2726.322318596329,-44.28835340074147,-61.65545186780719,-15.759953505998055,119.76987884435175,316.6950602955476,739.3084106445312,0.22219036697247707,0.5101969504447268,20.766976021834772,-0.2268345586125406,17.437661210894763,15260,1
2672.0238998562672,4.887585464177391,7.9510802252329995,-24.76406004014507,-54.28850277094489,115.10916596954849,350.70042724609357,0.6100917431192661,0.39336086404066073,11.08589867864153,-0.12155720056590816,5.668474316949849,15261,1
2681.8779103391253,0.27300172188824945,-2.0818624359080786,-25.470789648669324,-18.84981212131379,58.128825866469015,150.66497802734375,0.4476409666283084,0.30930039576152174,1.0065589607475132,0.014047881701763501,2.8610784805866567,15262,1
2544.0899060205547,0.6895625239667424,2.0328458576896082,-4.790194971247274,-87.99071448470431,9.178529067429736,69.13027343749991,0.8590700344431688,0.5478662420382165,0.1767194032227656,0.0013593934617660292,0.7559892183425607,15264,1
2523.563260194329,-10.817813190016295,-6.094166240769027,-24.92838311185824,-88.7448573540255,51.344729920891496,263.36038818359384,0.31810344827586207,0.432015306122449,11.653554181423605,0.12309312810701782,10.779991438727828,15265,1
2591.601871228175,-1.3999173336824242,-1.0053672604121857,-1.7471447841085137,-20.26751156321052,17.15022327895622,60.790429687500364,0.49309551208285385,0.5250255362614913,1.0404009140857813,-0.0180913984362775,1.2552984159266036,15266,1
2791.3080330013004,-8.756722981690018,-25.99918903436719,12.481989691698345,30.269571469565562,119.32298661458162,297.4588623046875,0.30884041331802525,0.6335603360488798,8.041324950188795,-0.01414221673153345,7.550574056474568,15267,1
2983.1060119652566,16.409332741314756,23.18413451263814,0.9079321802869345,-12.31900411195511,220.82927856681908,610.255126953125,0.6653272101033295,0.5368387507966857,17.85481100220257,0.23017722046396027,6.150223319549973,15269,1
2603.0,-2.140152943285102,-1.0549320615573379,1.870930353881704,0.35263863824548025,30.09085693359384,51.88564453124991,0.3385057471264368,0.5788802448667262,0.6164031711069369,0.010758057329086189,1.3877120633315536,15271,1
2578.2234972342994,3.099189220383323,-6.074562911647263,-48.33978571413763,-114.59555744276258,76.35746940226818,355.82366943359375,0.4676032110091743,0.2739199491740788,1.9698058232336375,0.03349831816660455,3.5100537971233177,15273,1
2997.8227413049017,0.9893842785963898,-26.810566851137082,-47.03266727497066,-105.24981695136239,146.96977499630793,470.49066162109375,0.2813578826237054,0.3340462206332993,12.366490676636397,-0.18461424625931266,8.087226454718493,15276,1
2561.0528265160738,-1.035315202923357,-17.872210832962082,-35.20424352153486,-39.78399533243282,48.791840187948765,201.941650390625,0.549598623853211,0.5240458015267175,3.9719690220347728,-0.06639629998933354,4.883566924925004,15277,1
3058.4332072621733,-7.453295160690686,-43.516482830420955,-73.35120933646931,296.33885777070736,350.91050218404826,877.4828491210928,0.4776376146788991,0.5209605597964376,14.79363309879113,0.2455410719585522,8.464690952845888,15278,1
2603.417181373194,-26.768736348324637,-46.8730606032027,2.834585392772169,-6.155433921190706,151.31338498647528,347.83519287109357,0.15997706422018348,0.5327759409969481,10.528405307285267,-0.1319859973038943,11.630924282394528,15279,1
2684.913800616154,12.066179133014884,4.520249506576874,-1.5995472544786935,-42.60254475280453,86.11509456146632,206.300537109375,0.6066091954022989,0.455743458838545,5.530234959189959,0.03186852949405808,2.7302492424512876,15282,1
2149.916237716062,5.279635628196047,4.2757005728958575,11.256540479334035,-83.64950919833063,168.22085807738995,390.4246765136718,0.5640138408304498,0.5677863083813179,3.091950699677527,-0.05010662804446491,1.7852997928099188,15284,1
2994.722032804777,-15.594412847665808,-29.613555832598195,5.2691351944777125,101.83240895876406,370.455675382902,599.6684204101566,0.2494246260069045,0.5002876134475265,4.2100705571516475,0.012021416383385582,7.904208466597181,15285,1
2822.109609361095,10.028197733820434,2.6594366906688265,13.013919953000823,164.09183497051345,316.7119653181262,399.5491455078122,0.5299539170506913,0.48391532361217704,7.003388919872472,-0.06900926765147754,5.772135206261743,15286,1
2497.374566858399,-6.472363150501678,-38.729141072996754,-89.83509968019325,-259.3748604161333,123.14640523730486,567.5007202148436,0.3849252013808976,0.27242238405519353,2.244182019193766,-0.0310769344877747,8.953873864725136,15287,1
2759.248844138721,-1.0890936146911372,-3.8652578901469496,-4.138629926207614,-47.69179087122984,53.99304579887712,151.138916015625,0.42750287686996546,0.4793182688625048,2.0000972010979865,0.015437624205583833,3.0411861940143625,15289,1
2657.480175250097,-4.611057629155312,-50.34182425038398,-138.35788850939753,38.02863876768606,210.79796089462843,653.6373657226563,0.3092635212888377,0.28269206186884827,1.960988269666068,-0.03263596890818207,7.578373100236395,15292,1
2900.318170262224,-3.7751833955585425,-8.656816350778172,-14.432547360651824,-106.93393120166775,118.00182504738041,385.57625732421866,0.4016110471806674,0.45978038815117467,2.666136568316572,0.0417735339220115,2.8933451577386213,15293,1
2857.3584499497047,7.300500545531577,-3.3598817944202892,-38.26154124357117,-13.544328292478895,203.9435451645486,524.1800048828127,0.42491369390103567,0.3201048057259714,3.67403131214956,-0.015604099574122787,3.526256430027031,15294,1
2526.7620993280816,-23.51967113890987,-95.67706105292382,-107.53556913090051,-24.87534934866335,264.5506735468316,836.9725097656242,0.029631760644418872,0.25473899562062463,5.522651374927514,0.09492825983812966,12.696156813880021,15295,1
2820.5561841982717,-4.981788940078786,-19.562235874751423,-103.76156622154804,-84.06553399210907,99.5547193545217,661.8835937499998,0.35241657077100114,0.13330777096114518,11.150234243949173,0.1595413649111444,8.528592402403662,15298,1
2828.3546895660515,1.0551290191765474,-20.726196414376773,-119.40594318878311,-74.28977297611436,116.94507042542637,690.5144897460937,0.3377445339470656,0.17743481595092025,3.1933392549142035,-0.0040741354916852615,6.116086794820304,15300,1
2373.9864960580057,-12.899888930126963,-41.41771950718385,-138.7498989901378,-132.80833413985192,135.55717476894324,666.4727783203125,0.15628604382929642,0.21510363357215967,8.376965945365649,0.0837476253793738,9.447031405436798,15301,1
2573.2021995804944,-0.3391629405200547,-0.9098103142164291,-1.803300302106436,-88.76639260015054,3.79692614299438,80.69981689453107,0.3479885057471264,0.44387755102040816,0.05568264515750654,0.0008842869682528751,0.829666783170677,15304,1
2575.9511778222904,-2.4720700824268533,-4.838569339047808,-2.9151625967110704,-24.91977492234946,5.872283779321606,38.04027099609357,0.39643268124280784,0.463323544433095,1.1913845402357177,-0.007589530678238026,1.6513535561805623,15306,1
2398.2555669454046,-3.735406032245919,0.5111152379954547,-24.726685281680147,-177.69702398661502,201.5399297383733,664.743408203125,0.4657258064516129,0.4477234940529479,20.89554546801714,0.0023377056761885564,12.900767366114597,15307,1
2545.208614065353,0.15793557074221098,3.561071000179709,9.972507117024634,-17.921656768350203,28.899348928634026,36.9864501953125,0.5975889781859931,0.8118792971734148,0.324332751343998,-0.005547702912506268,0.203260278041988,15308,1
2763.0974165487914,4.219389205041352,-24.11219490644362,-69.83903972287544,167.00604080945277,288.8927412558228,480.5805175781252,0.5043004587155964,0.27209154481881753,3.4627256956200347,-0.003798644177168744,7.042944309276798,15310,1
2707.7441017519204,8.364519537564775,24.77578074787516,22.039767968876276,66.68338823199383,129.65019306051408,163.28656005859375,0.9392201834862385,0.8106734434561627,9.930548841952525,0.1642634273576322,5.199830100088156,15311,1
2584.9715054877925,-0.8910394773479311,-5.034885945397036,-33.39307304732665,-127.58132814644341,16.484200800292456,270.4081787109376,0.6040229885057471,0.6114795918367347,2.443474820839532,0.009902434820717504,2.559266602671408,15312,1
2553.4116724874957,6.32631907076302,-45.08136739760948,-92.80030073743774,0.014376521723988844,280.0768214132768,825.6972290039057,0.26869965477560415,0.3032472513423677,3.6213414463338194,-0.06168058596903187,8.430766001032875,15313,1
2707.678575714338,9.91657651165815,49.43846550948365,25.3282633521967,-21.802451866220053,126.4432363588694,393.1238525390627,0.7892775229357798,0.6553796260969096,6.191703909555701,0.07917929842884155,2.8066818806565124,15314,1
2572.5021158397294,0.6161302842015175,0.16466854488635363,-1.0405739547500161,-24.454389802366677,4.692545527229413,18.8067626953125,0.6021288837744534,0.45151921358355673,0.5411015075099447,0.00020099479939734782,1.8307376699646416,15315,1
2589.6684586884912,0.15485634721335373,-0.09650876129853714,-8.463850090165579,-101.56993932691967,17.244105661147387,128.64058837890616,0.5218642117376294,0.4465631787402581,1.7408870549783526,-0.03026475737710745,1.213539462379061,15316,1
2626.635490224081,-2.128965064190197,-45.47771450423079,-89.65586319612567,-112.34571446965856,52.49083690376847,290.010009765625,0.2029276693455798,0.11744112030553787,4.596945205764287,-0.07996098918276164,6.767820143047151,15317,1
2755.6937279013855,-4.452233425503437,-13.232674491697253,-15.726027338690983,-136.93785759896718,168.40227282326032,571.6050170898434,0.41561423650975887,0.5164117272147865,10.264077865709577,-0.1547283097741141,7.258909396405786,15318,1
2639.3532166708965,1.8756928671855349,1.563747153197255,-3.6330235526138495,-44.63605157133907,20.204205440427813,69.45426025390634,0.7973050458715596,0.5863000635727909,0.28919294872271056,-0.0031792125220042457,1.0028503947775396,15333,1
2917.7698290939647,-7.5023483004674745,-16.568638246690625,-55.06539727060863,50.15901399612767,194.13054686740224,577.5836181640625,0.43398392652123996,0.44292543021032504,14.933698514587915,-0.21568084068854587,8.630568945760402,15334,1
2541.464229794972,0.029902850500093336,1.9332194508097018,6.718991936870225,-20.877030234878475,18.756221982472198,28.2340087890625,0.6110792192881745,0.7212702255064339,0.28252354972609706,0.0047252668761921315,0.5010512621284922,15337,1
2341.6348335536645,9.088020361417875,6.174091968116954,15.200911720775366,-27.524494484834122,128.13483355366452,212.49479980468732,0.4713302752293578,0.6127965401004898,6.237462794824826,-0.045007360350698425,3.086898286651576,15338,1
2565.0637997075705,2.143620557797931,6.29650524538647,5.269986241577044,-82.14499039239354,28.995196191945524,152.84237060546866,0.6931687715269805,0.696969696969697,4.349263585488206,-0.06483314047020193,1.513883133794638,15341,1
2568.678997839658,2.2170570742773634,-6.5583659931480724,-43.15830428692607,-62.06370711919635,64.98169559356438,413.3873413085935,0.4962729357798165,0.5216783216783217,2.8679273802340313,-0.028028627490825263,3.407074898852006,15344,1
2817.5959436698713,-8.148060205474849,-11.212225429782848,-14.1454407991082,-25.62673207906755,137.5881311698713,388.37205810546857,0.385632183908046,0.48465220165922146,2.9146987872176178,0.01650336861430974,5.675453409696125,15345,1
2534.1256866811086,4.357513656484571,8.908616374214489,1.6099883471856629,-63.974506665075296,14.618606602983618,48.7705078125,0.8036739380022963,0.5017513692523246,1.928841773215717,0.025280712237356093,0.9949421224864392,15347,1
3058.337853178243,4.762671772487465,-26.462442670186192,-122.67543647647017,-201.2776113681939,62.31494058058706,622.1951293945312,0.4533947065592635,0.3484732336782931,8.591258875483398,-0.08457169919149954,6.179699533040752,15354,1
2550.2105746523193,-5.055366204614074,-18.754102300917566,-140.0194694664924,-135.81986820645443,105.86799652731952,594.936279296875,0.27895642201834864,0.19466692092550217,4.603092681732612,-0.0030013986647851377,7.056801488584741,15355,1
3351.941561951021,2.064815109396932,-30.00014372862597,-22.88119940859815,189.00020259555004,356.5195770877399,591.3993652343752,0.35246842709529275,0.40579987253027405,12.151071313115086,0.08984495087326871,11.131291676330942,15358,1
2504.1890864668085,-0.09808775804503966,-0.4088727191506223,-5.821533533988713,-170.2382069934024,0.12781937696490786,156.44178466796893,0.3618119266055046,0.11648232901093312,0.2444223890721462,-0.002146149535758791,0.46946536085730417,15360,1
2622.545899874881,-0.014755337521364709,-8.40798141510004,-18.477400276618937,-50.75474108820299,7.045899874880888,142.10035400390643,0.26232798165137616,0.3768751589117722,0.074970200856662,4.7381669649262e-05,1.5105911950888349,15361,1
2951.018805163715,26.459106600127143,107.71683092839021,139.76740663551664,253.86279851136715,393.8608217652777,471.22196044921884,0.979644495412844,0.8338740458015267,15.165993262851064,-0.24800162121837624,6.677139027297683,15363,1
2664.448607943351,0.3993208957836032,-0.714910788893576,-11.302759663361485,-13.350899917357765,50.03845169335091,137.2012939453125,0.4919447640966628,0.41452827779905527,0.3638599171020602,0.005318911423047906,1.8642276164095684,15367,1
2746.160078728471,-5.483433466198676,-13.730637157020738,-49.0110908949855,-132.4363006960184,105.84196349409603,383.6798095703125,0.21173762945914845,0.2679734388966926,6.3948486823959865,0.08782627275276284,6.381289342423894,15369,1
2449.613776174854,1.7844351073104008,13.919979979618347,111.52944094141367,228.913369080125,413.6093206084479,422.75958251953125,0.7635524798154556,0.9544204196519959,1.292379696537174,0.012084731775637124,1.5548585620897941,15371,1
2547.8036081376895,1.8765915052231321,6.3926350256729165,6.317700102883464,-28.241493051845282,24.578864485345548,76.95017089843714,0.8969575200918485,0.8436982286224035,1.0772234785164558,0.00011954651681760611,1.5877491332103384,15372,1
2657.6249217162394,-1.038372822427391,-1.7621994865171473,-11.869255224171866,-118.29876613805982,76.41681624748935,311.8355468750001,0.48762945914844646,0.4678676376644947,3.3404239128606514,0.0042836207093463205,1.6325747810060351,15373,1
2818.530096083956,-0.6090517107436426,-27.763987101975545,-132.97281669262884,-85.68686571054468,244.4472591698932,673.8670288085937,0.41858457997698506,0.20990806945863125,6.132456325794888,-0.04812157719141639,9.474741329876771,15374,1
2535.6422348490264,-7.462419081637563,-31.794638560699696,-37.565827566934786,38.46494859942868,173.5804672709014,715.3028930664059,0.4607224770642202,0.577189525867548,8.751462758043408,0.00754744459562989,7.593468300369107,15376,1
2379.821569295925,1.0837361521357707,-22.300696469385457,-92.41292608502135,-219.5870960727707,42.92531685451877,435.8529541015623,0.3390804597701149,0.11935586734693877,1.935076420853194,-0.03240643917640892,4.726421801952144,15378,1
2665.573596514706,0.1988731044011729,-4.503304208353711,-49.45252905749385,-17.115202998706536,117.71202424908097,928.3827514648438,0.48880597014925375,0.49204328453214513,5.127723750916821,-0.08162798230856684,3.193984708245546,15390,1
2564.1480746270686,-8.803161373475177,-19.84199249757239,-43.05596346385073,-82.24814084374293,23.936746502068672,166.05012207031268,0.2410919540229885,0.20957148322917996,3.3993247261611415,-0.003741079373867732,3.747548401786114,15391,1
2476.8663841772304,7.438697703239086,40.51156462570998,28.82673215993327,-61.84066495452362,144.4542259741056,336.9007568359375,0.8838876146788991,0.6942430025445293,1.814055744226977,0.026555659868614693,0.8727782762754486,15393,1
2848.5601418164333,0.5436507352919762,-8.522388155962744,34.72100837986318,91.28782656625799,217.43703390627707,342.78985595703125,0.6001722158438576,0.7574455899198167,4.532275856764638,-0.05972864948820172,3.559944557291115,15394,1
2801.576876713554,-0.6664271889871998,-4.001798796865387,4.137954684812939,-9.311059047031904,153.24996020964772,356.4968749999998,0.4608745684695052,0.5519662921348315,13.01480867259892,0.17726219971184953,6.731853353535373,15395,1
2574.391291811057,1.3320931176726845,1.0429340075365872,0.2467494127986356,-81.09376141022585,5.132991029806817,73.08437499999991,0.8097701149425287,0.600797193877551,1.4092044723118131,0.004397756733582394,0.7205757401368263,15396,1
